9,300,1.6085028471681426,4.576586689366118,0.26639712964335716,0.36872292002887597,556,4,0.2,50,1,0.2,1.8,0.5,0.3,4.8,0.1,0.4,75,240,0.4,75,0.2,0.3,50,0.2,294,4.5,456,316,670
10,300,1.4602576928049438,4.496643860538903,0.1796801177707194,0.4022208500329345,556,4,0.2,50,1,0.2,1.8,0.5,0.3,4.8,0.1,0.4,75,240,0.4,75,0.2,0.3,50,0.2,294,4.5,744,862,2278
9,600,1.289514744529079,4.899050477482167,0.03965941107119608,0.41461148311565005,556,4,0.2,50,1,0.2,1.8,0.5,0.3,4.8,0.1,0.4,75,240,0.4,75,0.2,0.3,50,0.2,294,4.5,1048,736,2572
10,600,1.339947869551561,4.376568459578289,0.22251842129333096,0.5424933369622315,556,4,0.2,50,1,0.2,1.8,0.5,0.3,4.8,0.1,0.4,75,240,0.4,75,0.2,0.3,50,0.2,294,4.5,1738,2124,3900
9,900,1.4890891410663907,4.193263412498506,0.0060718864465220766,0.6013387396902162,556,4,0.2,50,1,0.2,1.8,0.5,0.3,4.8,0.1,0.4,75,240,0.4,75,0.2,0.3,50,0.2,294,4.5,1648,1208,3418
7,300,1.4350963451510383,4.517153453491093,0.19879968889246782,0.4190712292929819,556,4,0.2,50,1,0.2,1.8,0.5,0.3,4.8,0.1,0.4,75,240,0.4,75,0.2,0.3,50,0.2,294,4.5,338,784,1870
8,300,1.4865476943727076,4.700118513144445,0.35514032603949036,0.5082438644315652,556,4,0.2,50,1,0.2,1.8,0.5,0.3,4.8,0.1,0.4,75,240,0.4,75,0.2,0.3,50,0.2,294,4.5,578,522,1240
10,900,1.4323671158218705,4.3094691062947055,0.02726323481248587,0.3393616363115901,556,4,0.2,50,1,0.2,1.8,0.5,0.3,4.8,0.1,0.4,75,240,0.4,75,0.2,0.3,50,0.2,294,4.5,2200,2754,5498
9,1200,1.4085630721299203,4.534564054878791,0.2180278363317084,0.4524470728102756,556,4,0.2,50,1,0.2,1.8,0.5,0.3,4.8,0.1,0.4,75,240,0.4,75,0.2,0.3,50,0.2,294,4.5,3014,2558,5770
7,600,1.5824727950846829,4.726292710828382,0.05806243344856009,0.6368898258304178,556,4,0.2,50,1,0.2,1.8,0.5,0.3,4.8,0.1,0.4,75,240,0.4,75,0.2,0.3,50,0.2,294,4.5,1386,1244,2724
8,600,1.1800454818884056,4.84899743594965,0.10160981531736646,0.06369694079292028,556,4,0.2,50,1,0.2,1.8,0.5,0.3,4.8,0.1,0.4,75,240,0.4,75,0.2,0.3,50,0.2,294,4.5,1168,1032,2728
10,1200,1.3923908425398954,4.472330785283065,0.19929385911328926,0.49530343254346165,556,4,0.2,50,1,0.2,1.8,0.5,0.3,4.8,0.1,0.4,75,240,0.4,75,0.2,0.3,50,0.2,294,4.5,3262,3772,8190
4,300,1.5042446881964147,4.538744541071028,0.16438760154864737,0.46504114121220774,556,4,0.2,50,1,0.2,1.8,0.5,0.3,4.8,0.1,0.4,75,240,0.4,75,0.2,0.3,50,0.2,294,4.5,734,1034,1188
7,900,1.4863396313891002,4.7500822462056025,0.10011263206016215,0.33134214698740055,556,4,0.2,50,1,0.2,1.8,0.5,0.3,4.8,0.1,0.4,75,240,0.4,75,0.2,0.3,50,0.2,294,4.5,1624,1738,3878
9,1500,1.350636632328479,4.39920700552063,0.17376018604327997,0.4404065748453388,556,4,0.2,50,1,0.2,1.8,0.5,0.3,4.8,0.1,0.4,75,240,0.4,75,0.2,0.3,50,0.2,294,4.5,4104,3744,7840
2,300,1.3445842391811318,4.467237055532651,0.19173091493508213,0.4794853574915438,556,4,0.2,50,1,0.2,1.8,0.5,0.3,4.8,0.1,0.4,75,240,0.4,75,0.2,0.3,50,0.2,294,4.5,568,1960,1350
8,900,1.4817438897258528,4.527546392133756,0.13663225092681985,0.5622376745756648,556,4,0.2,50,1,0.2,1.8,0.5,0.3,4.8,0.1,0.4,75,240,0.4,75,0.2,0.3,50,0.2,294,4.5,2240,1400,3662
10,1500,1.4192710748236588,4.37566696430097,0.2129247149503146,0.5606981396775731,556,4,0.2,50,1,0.2,1.8,0.5,0.3,4.8,0.1,0.4,75,240,0.4,75,0.2,0.3,50,0.2,294,4.5,4402,4882,11504
9,1800,1.5901737708666799,4.889270706047121,0.016897492382494956,0.4746166315970341,556,4,0.2,50,1,0.2,1.8,0.5,0.3,4.8,0.1,0.4,75,240,0.4,75,0.2,0.3,50,0.2,294,4.5,4426,3998,9632
4,600,1.160532924839523,4.104572747467874,0.04814454712045425,0.47781039235484246,556,4,0.2,50,1,0.2,1.8,0.5,0.3,4.8,0.1,0.4,75,240,0.4,75,0.2,0.3,50,0.2,294,4.5,1382,1682,2748
3,300,1.4220228035914628,4.678331649202871,0.1444139724368511,0.38043645849894764,556,4,0.2,50,1,0.2,1.8,0.5,0.3,4.8,0.1,0.4,75,240,0.4,75,0.2,0.3,50,0.2,294,4.5,818,324,1400
7,1200,1.409303546087899,4.472626606191904,0.2180548298224749,0.46426593035787783,556,4,0.2,50,1,0.2,1.8,0.5,0.3,4.8,0.1,0.4,75,240,0.4,75,0.2,0.3,50,0.2,294,4.5,2956,2610,6330
8,1200,1.3845151748439133,4.428003042164267,0.21808137030884453,0.4929377884702805,556,4,0.2,50,1,0.2,1.8,0.5,0.3,4.8,0.1,0.4,75,240,0.4,75,0.2,0.3,50,0.2,294,4.5,2994,2204,5246
10,1800,1.1956263403046383,4.108999662162193,0.37843135884562834,0.4674694970525087,556,4,0.2,50,1,0.2,1.8,0.5,0.3,4.8,0.1,0.4,75,240,0.4,75,0.2,0.3,50,0.2,294,4.5,4934,5624,13618
2,600,1.1017705620262779,4.333972942039083,0.17423815474459828,0.314954376608813,556,4,0.2,50,1,0.2,1.8,0.5,0.3,4.8,0.1,0.4,75,240,0.4,75,0.2,0.3,50,0.2,294,4.5,1390,2668,2482
9,2100,1.491174735341826,4.832673807789372,0.15996917899067983,0.1297467052442954,556,4,0.2,50,1,0.2,1.8,0.5,0.3,4.8,0.1,0.4,75,240,0.4,75,0.2,0.3,50,0.2,294,4.5,5004,4314,10962
4,900,1.3401095520641282,4.851576828378563,0.23030970992357203,0.5847509374659549,556,4,0.2,50,1,0.2,1.8,0.5,0.3,4.8,0.1,0.4,75,240,0.4,75,0.2,0.3,50,0.2,294,4.5,2456,2624,4794
10,2100,1.5415432521688697,4.457348767862483,0.24897860650728237,0.2877686026177266,556,4,0.2,50,1,0.2,1.8,0.5,0.3,4.8,0.1,0.4,75,240,0.4,75,0.2,0.3,50,0.2,294,4.5,6078,5908,15522
8,1500,1.4614891668260634,4.74999225820894,0.15482840800161835,0.3621555438522294,556,4,0.2,50,1,0.2,1.8,0.5,0.3,4.8,0.1,0.4,75,240,0.4,75,0.2,0.3,50,0.2,294,4.5,4486,3474,7592
7,1500,1.374077106991484,4.647828748021595,0.08248931335527275,0.5852135129612812,556,4,0.2,50,1,0.2,1.8,0.5,0.3,4.8,0.1,0.4,75,240,0.4,75,0.2,0.3,50,0.2,294,4.5,4060,3472,7934
3,600,1.3039399545882657,4.316786000424222,0.11703258645840069,0.33881045594882825,556,4,0.2,50,1,0.2,1.8,0.5,0.3,4.8,0.1,0.4,75,240,0.4,75,0.2,0.3,50,0.2,294,4.5,1104,970,2442
9,2400,1.4252908078316415,4.575606455646784,0.20223359417261205,0.5275535410536663,556,4,0.2,50,1,0.2,1.8,0.5,0.3,4.8,0.1,0.4,75,240,0.4,75,0.2,0.3,50,0.2,294,4.5,5428,5048,12754
2,900,1.27466528215025,4.9916670566224015,0.16512287167835962,0.07004484276928258,556,4,0.2,50,1,0.2,1.8,0.5,0.3,4.8,0.1,0.4,75,240,0.4,75,0.2,0.3,50,0.2,294,4.5,1956,3276,3878
7,1800,1.5523226056560853,4.700465877106892,0.0776306812616715,0.7878372832874775,556,4,0.2,50,1,0.2,1.8,0.5,0.3,4.8,0.1,0.4,75,240,0.4,75,0.2,0.3,50,0.2,294,4.5,4728,3924,9052
4,1200,1.3941041600902901,4.545132500980587,0.2050510094720825,0.4857849819428759,556,4,0.2,50,1,0.2,1.8,0.5,0.3,4.8,0.1,0.4,75,240,0.4,75,0.2,0.3,50,0.2,294,4.5,3010,4230,7094
10,2400,1.4376049043340529,4.412976699507237,0.19919994219031117,0.4811222969506195,556,4,0.2,50,1,0.2,1.8,0.5,0.3,4.8,0.1,0.4,75,240,0.4,75,0.2,0.3,50,0.2,294,4.5,6962,6654,17126
8,1800,1.4483534074944018,4.488998942266256,0.27503726581111254,0.6178024256516447,556,4,0.2,50,1,0.2,1.8,0.5,0.3,4.8,0.1,0.4,75,240,0.4,75,0.2,0.3,50,0.2,294,4.5,5308,3848,8766
2,1200,1.3992331131954356,4.486181897065039,0.17418029529565376,0.4842050767255187,556,4,0.2,50,1,0.2,1.8,0.5,0.3,4.8,0.1,0.4,75,240,0.4,75,0.2,0.3,50,0.2,294,4.5,2326,3730,4714
3,900,1.3959051793527524,4.477473432418814,0.03595453422068171,0.03552721689856008,556,4,0.2,50,1,0.2,1.8,0.5,0.3,4.8,0.1,0.4,75,240,0.4,75,0.2,0.3,50,0.2,294,4.5,1822,2094,4408
9,2700,1.5634642646824428,4.454282819854007,0.29257311905159045,0.4778207297683879,556,4,0.2,50,1,0.2,1.8,0.5,0.3,4.8,0.1,0.4,75,240,0.4,75,0.2,0.3,50,0.2,294,4.5,7158,6694,15636
7,2100,1.428006549859296,5.119344814291286,0.09182376301546147,0.44589202731869715,556,4,0.2,50,1,0.2,1.8,0.5,0.3,4.8,0.1,0.4,75,240,0.4,75,0.2,0.3,50,0.2,294,4.5,5370,5384,10796
8,2100,1.516774106884595,4.631818824710527,0.07146481935392826,0.5410502101268515,556,4,0.2,50,1,0.2,1.8,0.5,0.3,4.8,0.1,0.4,75,240,0.4,75,0.2,0.3,50,0.2,294,4.5,6028,4314,10358
10,2700,1.4011700951235126,4.541507823851369,0.24924113146297802,0.634287636693675,556,4,0.2,50,1,0.2,1.8,0.5,0.3,4.8,0.1,0.4,75,240,0.4,75,0.2,0.3,50,0.2,294,4.5,7958,7128,19316
4,1500,1.3304865734843505,4.545829983260817,0.20208528864389552,0.48639003299971045,556,4,0.2,50,1,0.2,1.8,0.5,0.3,4.8,0.1,0.4,75,240,0.4,75,0.2,0.3,50,0.2,294,4.5,4472,5260,9650
3,1200,1.3903454790859822,4.518872422546236,0.19440580591412304,0.461571646950155,556,4,0.2,50,1,0.2,1.8,0.5,0.3,4.8,0.1,0.4,75,240,0.4,75,0.2,0.3,50,0.2,294,4.5,2354,2834,5766
2,1500,1.4423446680706324,4.565337599031332,0.14056879750773138,0.5501384466135387,556,4,0.2,50,1,0.2,1.8,0.5,0.3,4.8,0.1,0.4,75,240,0.4,75,0.2,0.3,50,0.2,294,4.5,3652,4792,6434
9,3000,1.2642206964366904,4.5172558079852765,0.2943600285111376,0.6048475613681172,556,4,0.2,50,1,0.2,1.8,0.5,0.3,4.8,0.1,0.4,75,240,0.4,75,0.2,0.3,50,0.2,294,4.5,7736,6990,16648
8,2400,1.4171211243629396,4.521731092294199,0.1975952806501798,0.5230295887236884,556,4,0.2,50,1,0.2,1.8,0.5,0.3,4.8,0.1,0.4,75,240,0.4,75,0.2,0.3,50,0.2,294,4.5,6726,4902,12040
7,2400,1.3958501679304531,4.448135584548411,0.2000621714459369,0.5211275740928465,556,4,0.2,50,1,0.2,1.8,0.5,0.3,4.8,0.1,0.4,75,240,0.4,75,0.2,0.3,50,0.2,294,4.5,6628,6212,13132
10,3000,1.3261412776104142,4.266897636905492,0.02554805053324704,0.3298657060663176,556,4,0.2,50,1,0.2,1.8,0.5,0.3,4.8,0.1,0.4,75,240,0.4,75,0.2,0.3,50,0.2,294,4.5,8878,7410,20046
2,1800,1.0887921415128132,4.575824178814405,0.2367581644317206,0.5842252148201131,556,4,0.2,50,1,0.2,1.8,0.5,0.3,4.8,0.1,0.4,75,240,0.4,75,0.2,0.3,50,0.2,294,4.5,4974,5750,7562
4,1800,1.3690717157019152,4.581257121323968,0.1256513578069451,0.7227779120415136,556,4,0.2,50,1,0.2,1.8,0.5,0.3,4.8,0.1,0.4,75,240,0.4,75,0.2,0.3,50,0.2,294,4.5,5100,5614,10510
9,3300,1.228736890197665,4.481972191147832,0.12577099765888256,0.25999220223636155,556,4,0.2,50,1,0.2,1.8,0.5,0.3,4.8,0.1,0.4,75,240,0.4,75,0.2,0.3,50,0.2,294,4.5,8962,7602,18092
8,2700,1.3241137696608234,4.340398780297009,0.2912779845104049,0.3313195204071233,556,4,0.2,50,1,0.2,1.8,0.5,0.3,4.8,0.1,0.4,75,240,0.4,75,0.2,0.3,50,0.2,294,4.5,7620,6056,15616
10,3300,1.3989658394818927,4.660617429927271,0.00581941062607198,0.4375890712652073,556,4,0.2,50,1,0.2,1.8,0.5,0.3,4.8,0.1,0.4,75,240,0.4,75,0.2,0.3,50,0.2,294,4.5,8964,8096,21094
7,2700,1.2884017702017891,4.398839197566981,0.15485552556946727,0.45743496957273355,556,4,0.2,50,1,0.2,1.8,0.5,0.3,4.8,0.1,0.4,75,240,0.4,75,0.2,0.3,50,0.2,294,4.5,8290,7472,15370
3,1500,1.4112846238511856,4.539284852166778,0.26820968910973497,0.4608994445466477,556,4,0.2,50,1,0.2,1.8,0.5,0.3,4.8,0.1,0.4,75,240,0.4,75,0.2,0.3,50,0.2,294,4.5,3154,3848,7898
2,2100,1.0853479804521158,4.660419185419377,0.10566026228220114,0.2972446341590083,556,4,0.2,50,1,0.2,1.8,0.5,0.3,4.8,0.1,0.4,75,240,0.4,75,0.2,0.3,50,0.2,294,4.5,5472,6054,8568
9,3600,1.3975215134783652,4.488224608254486,0.19521303788055794,0.5300428219193263,556,4,0.2,50,1,0.2,1.8,0.5,0.3,4.8,0.1,0.4,75,240,0.4,75,0.2,0.3,50,0.2,294,4.5,9814,8110,19624
4,2100,1.331073230523945,4.375699399057019,0.06203828970270662,0.3105539264906787,556,4,0.2,50,1,0.2,1.8,0.5,0.3,4.8,0.1,0.4,75,240,0.4,75,0.2,0.3,50,0.2,294,4.5,5448,6266,12196
8,3000,1.2638097785604439,4.6375500011186785,0.21294689185215365,0.552917940600621,556,4,0.2,50,1,0.2,1.8,0.5,0.3,4.8,0.1,0.4,75,240,0.4,75,0.2,0.3,50,0.2,294,4.5,8256,6974,17238
7,3000,1.8945682714780103,4.405455369684934,0.1477906469230188,0.4201084078231915,556,4,0.2,50,1,0.2,1.8,0.5,0.3,4.8,0.1,0.4,75,240,0.4,75,0.2,0.3,50,0.2,294,4.5,8978,8404,16222
10,3600,1.3755499077369273,4.554070819002409,0.17418487358061158,0.5291929367017338,556,4,0.2,50,1,0.2,1.8,0.5,0.3,4.8,0.1,0.4,75,240,0.4,75,0.2,0.3,50,0.2,294,4.5,9336,9012,22588
2,2400,1.3724394157754476,4.587617787295785,0.1953632547352108,0.4716964121160747,556,4,0.2,50,1,0.2,1.8,0.5,0.3,4.8,0.1,0.4,75,240,0.4,75,0.2,0.3,50,0.2,294,4.5,5966,6394,10160
3,1800,1.1737825096988057,4.5675000554224425,0.08342565648733899,0.7338471063867194,556,4,0.2,50,1,0.2,1.8,0.5,0.3,4.8,0.1,0.4,75,240,0.4,75,0.2,0.3,50,0.2,294,4.5,4248,4400,8956
4,2400,1.3763925578477234,4.527627876431333,0.20861429201119802,0.5185472662884859,556,4,0.2,50,1,0.2,1.8,0.5,0.3,4.8,0.1,0.4,75,240,0.4,75,0.2,0.3,50,0.2,294,4.5,5822,6780,13546
8,3300,1.2307455636970102,4.610834232841599,0.06421056192244382,0.4986596917147031,556,4,0.2,50,1,0.2,1.8,0.5,0.3,4.8,0.1,0.4,75,240,0.4,75,0.2,0.3,50,0.2,294,4.5,8600,7842,18434
7,3300,1.3830385587027922,4.1497907180503155,0.24307230185042722,0.08078925129450311,556,4,0.2,50,1,0.2,1.8,0.5,0.3,4.8,0.1,0.4,75,240,0.4,75,0.2,0.3,50,0.2,294,4.5,9710,8822,17258
6,300,1.4525977201413918,4.4892165296556215,0.12368761683725454,0.3608310483852919,556,4,0.2,50,1,0.2,1.8,0.5,0.3,4.8,0.1,0.4,75,240,0.4,75,0.2,0.3,50,0.2,294,4.5,320,526,1092
8,3600,1.4185481746946875,4.50544172503343,0.20365463661253674,0.5071551549733353,556,4,0.2,50,1,0.2,1.8,0.5,0.3,4.8,0.1,0.4,75,240,0.4,75,0.2,0.3,50,0.2,294,4.5,9438,9466,20262
2,2700,1.3834124363834936,4.428340986542756,0.20798318728179022,0.5470024068266836,556,4,0.2,50,1,0.2,1.8,0.5,0.3,4.8,0.1,0.4,75,240,0.4,75,0.2,0.3,50,0.2,294,4.5,7060,7304,12202
3,2100,1.3758591386455545,5.115690625725154,0.0875900037999209,0.4210653217100487,556,4,0.2,50,1,0.2,1.8,0.5,0.3,4.8,0.1,0.4,75,240,0.4,75,0.2,0.3,50,0.2,294,4.5,4608,4852,9836
7,3600,1.4002879392056926,4.55740742619024,0.188413374689004,0.4892458875487426,556,4,0.2,50,1,0.2,1.8,0.5,0.3,4.8,0.1,0.4,75,240,0.4,75,0.2,0.3,50,0.2,294,4.5,10364,10138,19724
6,600,1.7029557846834025,4.669313166983474,0.17843702361199743,0.36753489539395656,556,4,0.2,50,1,0.2,1.8,0.5,0.3,4.8,0.1,0.4,75,240,0.4,75,0.2,0.3,50,0.2,294,4.5,924,1290,2034
4,2700,1.3725114146321586,4.551909417582253,0.11209239998156689,0.46615458174153473,556,4,0.2,50,1,0.2,1.8,0.5,0.3,4.8,0.1,0.4,75,240,0.4,75,0.2,0.3,50,0.2,294,4.5,7162,8488,15610
2,3000,1.6720803021648434,4.818417663834191,0.14915865309958945,0.5170707021738846,556,4,0.2,50,1,0.2,1.8,0.5,0.3,4.8,0.1,0.4,75,240,0.4,75,0.2,0.3,50,0.2,294,4.5,8030,7778,13348
3,2400,1.3878686690963318,4.4293049412551095,0.19779527625301074,0.5104914084008655,556,4,0.2,50,1,0.2,1.8,0.5,0.3,4.8,0.1,0.4,75,240,0.4,75,0.2,0.3,50,0.2,294,4.5,5280,5786,11348
5,300,1.461455525832667,4.316590520785131,0.2374017808420538,0.4415571307082974,556,4,0.2,50,1,0.2,1.8,0.5,0.3,4.8,0.1,0.4,75,240,0.4,75,0.2,0.3,50,0.2,294,4.5,632,1210,2428
4,3000,1.500115995979235,4.324802122251323,0.24346724275147857,0.450344699188987,556,4,0.2,50,1,0.2,1.8,0.5,0.3,4.8,0.1,0.4,75,240,0.4,75,0.2,0.3,50,0.2,294,4.5,7912,9054,17142
2,3300,1.3109818941418894,4.676700162932752,0.3095482432116626,0.6290009657201444,556,4,0.2,50,1,0.2,1.8,0.5,0.3,4.8,0.1,0.4,75,240,0.4,75,0.2,0.3,50,0.2,294,4.5,8384,8450,14588
6,900,1.5467623411118014,3.9048559358959514,0.2650709647887607,0.41254192292415065,556,4,0.2,50,1,0.2,1.8,0.5,0.3,4.8,0.1,0.4,75,240,0.4,75,0.2,0.3,50,0.2,294,4.5,1756,1646,2830
4,3300,1.4666968744695377,4.599039450039637,0.10982512261032014,0.374472839496185,556,4,0.2,50,1,0.2,1.8,0.5,0.3,4.8,0.1,0.4,75,240,0.4,75,0.2,0.3,50,0.2,294,4.5,8626,9354,17962
3,2700,1.3323728344589847,4.399899761655489,0.13743292849838082,0.45767937194710184,556,4,0.2,50,1,0.2,1.8,0.5,0.3,4.8,0.1,0.4,75,240,0.4,75,0.2,0.3,50,0.2,294,4.5,7154,7424,14416
5,600,1.2079852588116333,4.416416976344065,0.28607845566185125,0.5646934296237878,556,4,0.2,50,1,0.2,1.8,0.5,0.3,4.8,0.1,0.4,75,240,0.4,75,0.2,0.3,50,0.2,294,4.5,2556,2028,3716
6,1200,1.3513216123948535,4.521857829372708,0.20396812554047294,0.546307333499406,556,4,0.2,50,1,0.2,1.8,0.5,0.3,4.8,0.1,0.4,75,240,0.4,75,0.2,0.3,50,0.2,294,4.5,2736,2564,4910
2,3600,1.3860602033742497,4.4727169541775496,0.19721054126180854,0.5071219011288343,556,4,0.2,50,1,0.2,1.8,0.5,0.3,4.8,0.1,0.4,75,240,0.4,75,0.2,0.3,50,0.2,294,4.5,8872,8894,16268
3,3000,1.7890896690643268,4.862613146685488,0.08270122191535596,0.2590604557785646,556,4,0.2,50,1,0.2,1.8,0.5,0.3,4.8,0.1,0.4,75,240,0.4,75,0.2,0.3,50,0.2,294,4.5,7650,7696,15762
4,3600,1.3902782720187323,4.524238720628595,0.19873170777268606,0.5328187958157381,556,4,0.2,50,1,0.2,1.8,0.5,0.3,4.8,0.1,0.4,75,240,0.4,75,0.2,0.3,50,0.2,294,4.5,9650,9972,19154
5,900,1.5966137075517408,4.3761822948632965,0.058818809474594363,0.2345641441154988,556,4,0.2,50,1,0.2,1.8,0.5,0.3,4.8,0.1,0.4,75,240,0.4,75,0.2,0.3,50,0.2,294,4.5,3042,2594,4896
1,300,1.4831646344435163,4.209968198292183,0.22903706646677405,0.5063471257178712,556,4,0.2,50,1,0.2,1.8,0.5,0.3,4.8,0.1,0.4,75,240,0.4,75,0.2,0.3,50,0.2,294,4.5,528,276,1108
3,3300,1.6046352283999017,5.173925694171105,0.17370793217893776,0.11991609971845293,556,4,0.2,50,1,0.2,1.8,0.5,0.3,4.8,0.1,0.4,75,240,0.4,75,0.2,0.3,50,0.2,294,4.5,8026,8824,17868
6,1500,1.547306589269374,4.49899010054117,0.16270007642061107,0.5158983577351325,556,4,0.2,50,1,0.2,1.8,0.5,0.3,4.8,0.1,0.4,75,240,0.4,75,0.2,0.3,50,0.2,294,4.5,3788,3134,6432
3,3600,1.4071623383273606,4.539095475084302,0.22397066871519694,0.5247906287420401,556,4,0.2,50,1,0.2,1.8,0.5,0.3,4.8,0.1,0.4,75,240,0.4,75,0.2,0.3,50,0.2,294,4.5,8800,9794,19254
5,1200,1.4132255579520783,4.448682835915501,0.20049860948859907,0.49155952343022136,556,4,0.2,50,1,0.2,1.8,0.5,0.3,4.8,0.1,0.4,75,240,0.4,75,0.2,0.3,50,0.2,294,4.5,3694,3830,6230
6,1800,1.2239410417172953,4.321954593964005,0.2553585966870461,0.6229832535610124,556,4,0.2,50,1,0.2,1.8,0.5,0.3,4.8,0.1,0.4,75,240,0.4,75,0.2,0.3,50,0.2,294,4.5,4404,3430,7748
6,2100,1.4650572491523548,4.043786244745539,0.25803460458684474,0.15574817036893523,556,4,0.2,50,1,0.2,1.8,0.5,0.3,4.8,0.1,0.4,75,240,0.4,75,0.2,0.3,50,0.2,294,4.5,4988,3950,8598
1,600,1.2131651065336728,4.497322152343103,0.12827286656284417,0.22977740328466179,556,4,0.2,50,1,0.2,1.8,0.5,0.3,4.8,0.1,0.4,75,240,0.4,75,0.2,0.3,50,0.2,294,4.5,1430,694,2294
5,1500,1.3704736210117254,4.375988861201688,0.0863881912731823,0.5139073641802229,556,4,0.2,50,1,0.2,1.8,0.5,0.3,4.8,0.1,0.4,75,240,0.4,75,0.2,0.3,50,0.2,294,4.5,4420,5262,8850
6,2400,1.4122654573553697,4.494928660094503,0.2148183147971975,0.4677947996957688,556,4,0.2,50,1,0.2,1.8,0.5,0.3,4.8,0.1,0.4,75,240,0.4,75,0.2,0.3,50,0.2,294,4.5,5398,5124,9838
5,1800,1.5694449366042416,4.904584183828904,0.10436033182776307,0.48331123049450625,556,4,0.2,50,1,0.2,1.8,0.5,0.3,4.8,0.1,0.4,75,240,0.4,75,0.2,0.3,50,0.2,294,4.5,4866,6006,10018
1,900,1.310119157831084,4.619480026886704,0.05706021817682755,1.0139462758758735,556,4,0.2,50,1,0.2,1.8,0.5,0.3,4.8,0.1,0.4,75,240,0.4,75,0.2,0.3,50,0.2,294,4.5,2052,1384,3928
6,2700,1.399700564620621,4.535037645743738,0.2262788613038375,0.3501008719451979,556,4,0.2,50,1,0.2,1.8,0.5,0.3,4.8,0.1,0.4,75,240,0.4,75,0.2,0.3,50,0.2,294,4.5,6770,5978,11750
5,2100,1.2419942131049626,4.393521725978514,0.4627698098046832,0.6192900582239381,556,4,0.2,50,1,0.2,1.8,0.5,0.3,4.8,0.1,0.4,75,240,0.4,75,0.2,0.3,50,0.2,294,4.5,5494,6476,11082
6,3000,1.4339923395500638,4.247317513311919,0.29087622474357894,0.6615654430507673,556,4,0.2,50,1,0.2,1.8,0.5,0.3,4.8,0.1,0.4,75,240,0.4,75,0.2,0.3,50,0.2,294,4.5,7918,6442,13312
5,2400,1.3943323668925167,4.537317628747429,0.18794439281674388,0.47352315809804385,556,4,0.2,50,1,0.2,1.8,0.5,0.3,4.8,0.1,0.4,75,240,0.4,75,0.2,0.3,50,0.2,294,4.5,7276,6874,12346
1,1200,1.4056413349302392,4.453644714360875,0.20715375510313702,0.4699606480472999,556,4,0.2,50,1,0.2,1.8,0.5,0.3,4.8,0.1,0.4,75,240,0.4,75,0.2,0.3,50,0.2,294,4.5,2638,1824,5458
6,3300,1.39035750711969,4.446725799521149,0.06535054579724965,0.0735485065559503,556,4,0.2,50,1,0.2,1.8,0.5,0.3,4.8,0.1,0.4,75,240,0.4,75,0.2,0.3,50,0.2,294,4.5,8838,7106,14242
5,2700,1.3867228069389042,4.363913267750461,0.2738976797791715,0.552488783893706,556,4,0.2,50,1,0.2,1.8,0.5,0.3,4.8,0.1,0.4,75,240,0.4,75,0.2,0.3,50,0.2,294,4.5,8742,8198,14620
6,3600,1.3562391256071158,4.482786251943812,0.21405622920748163,0.5292918624442846,556,4,0.2,50,1,0.2,1.8,0.5,0.3,4.8,0.1,0.4,75,240,0.4,75,0.2,0.3,50,0.2,294,4.5,9410,7672,15860
5,3000,1.2473977915348655,4.667763231394332,0.02795005712295054,0.29195845329616327,556,4,0.2,50,1,0.2,1.8,0.5,0.3,4.8,0.1,0.4,75,240,0.4,75,0.2,0.3,50,0.2,294,4.5,9390,8692,16222
1,1500,1.3419658603725253,4.477887993267158,0.3008865453312102,0.453365832897252,556,4,0.2,50,1,0.2,1.8,0.5,0.3,4.8,0.1,0.4,75,240,0.4,75,0.2,0.3,50,0.2,294,4.5,4230,2680,7538
5,3300,1.705851733087179,4.226760372017759,0.01873091855191025,0.5092220675979806,556,4,0.2,50,1,0.2,1.8,0.5,0.3,4.8,0.1,0.4,75,240,0.4,75,0.2,0.3,50,0.2,294,4.5,10226,9580,17794
1,1800,1.3813079171571272,4.53928441750753,0.049916985505384204,0.5512495848954762,556,4,0.2,50,1,0.2,1.8,0.5,0.3,4.8,0.1,0.4,75,240,0.4,75,0.2,0.3,50,0.2,294,4.5,5020,3196,9088
5,3600,1.4027844090042523,4.53166127652415,0.21120484130974576,0.486276938861269,556,4,0.2,50,1,0.2,1.8,0.5,0.3,4.8,0.1,0.4,75,240,0.4,75,0.2,0.3,50,0.2,294,4.5,11006,10226,19370
1,2100,1.4728010376014562,4.4178084006775205,0.30355960657215575,0.6014917994555304,556,4,0.2,50,1,0.2,1.8,0.5,0.3,4.8,0.1,0.4,75,240,0.4,75,0.2,0.3,50,0.2,294,4.5,5510,3726,10142
1,2400,1.3804098056811496,4.493884182168549,0.18130359887786582,0.4650344721878803,556,4,0.2,50,1,0.2,1.8,0.5,0.3,4.8,0.1,0.4,75,240,0.4,75,0.2,0.3,50,0.2,294,4.5,6020,4824,11716
1,2700,1.4139452928270941,4.563193333705036,0.17072246187969245,0.5182347720391812,556,4,0.2,50,1,0.2,1.8,0.5,0.3,4.8,0.1,0.4,75,240,0.4,75,0.2,0.3,50,0.2,294,4.5,7048,5756,13482
1,3000,1.7325336417578328,4.609238008120649,0.20673896735853928,0.15445165477321493,556,4,0.2,50,1,0.2,1.8,0.5,0.3,4.8,0.1,0.4,75,240,0.4,75,0.2,0.3,50,0.2,294,4.5,7656,6344,14394
1,3300,1.3246881645323694,4.390667100366702,0.036687814415964366,0.6680512963882345,556,4,0.2,50,1,0.2,1.8,0.5,0.3,4.8,0.1,0.4,75,240,0.4,75,0.2,0.3,50,0.2,294,4.5,7900,7064,15966
1,3600,1.4320238658584115,4.50242869176462,0.17731524353283928,0.42601613410857864,556,4,0.2,50,1,0.2,1.8,0.5,0.3,4.8,0.1,0.4,75,240,0.4,75,0.2,0.3,50,0.2,294,4.5,8686,7596,17576
13,300,1.4525444394764475,4.830478899095984,0.164501120219596,0.37022583187405583,556,4,0.2,50,1,0.2,1.8,0.5,0.3,4.8,0.1,0.4,75,240,0.4,75,0.2,0.3,50,0.2,294,4.5,504,430,1244
13,600,1.3909326051259554,4.857741705924493,0.036954492504483065,0.48477244990586155,556,4,0.2,50,1,0.2,1.8,0.5,0.3,4.8,0.1,0.4,75,240,0.4,75,0.2,0.3,50,0.2,294,4.5,620,944,2182
13,900,1.6652837638035383,4.733424778889187,0.13225590976130025,0.007837700925379328,556,4,0.2,50,1,0.2,1.8,0.5,0.3,4.8,0.1,0.4,75,240,0.4,75,0.2,0.3,50,0.2,294,4.5,962,1640,3078
12,300,1.231846902826493,4.543856311320531,0.01910263395694686,0.49337969693866235,556,4,0.2,50,1,0.2,1.8,0.5,0.3,4.8,0.1,0.4,75,240,0.4,75,0.2,0.3,50,0.2,294,4.5,246,882,972
11,300,1.4258864467672248,4.448891971079132,0.14109855111432157,0.4055594039257383,556,4,0.2,50,1,0.2,1.8,0.5,0.3,4.8,0.1,0.4,75,240,0.4,75,0.2,0.3,50,0.2,294,4.5,330,846,1632
13,1200,1.364351329783032,4.4652210933308005,0.19988641663839857,0.48600082725538674,556,4,0.2,50,1,0.2,1.8,0.5,0.3,4.8,0.1,0.4,75,240,0.4,75,0.2,0.3,50,0.2,294,4.5,1678,2050,4412
12,600,1.7021704955807242,4.4951431897811664,0.4493087945014073,0.525163750992169,556,4,0.2,50,1,0.2,1.8,0.5,0.3,4.8,0.1,0.4,75,240,0.4,75,0.2,0.3,50,0.2,294,4.5,756,1740,2424
11,600,1.8082024084468573,4.0477976271722085,0.12010665563957842,0.42911248181613754,556,4,0.2,50,1,0.2,1.8,0.5,0.3,4.8,0.1,0.4,75,240,0.4,75,0.2,0.3,50,0.2,294,4.5,696,1188,3022
13,1500,1.3123218652554196,4.422532072201324,0.16056341964108556,0.4101393415763325,556,4,0.2,50,1,0.2,1.8,0.5,0.3,4.8,0.1,0.4,75,240,0.4,75,0.2,0.3,50,0.2,294,4.5,3766,2820,7578
12,900,1.6136670862863076,4.358703896201287,0.005511102002275671,0.03255543352930914,556,4,0.2,50,1,0.2,1.8,0.5,0.3,4.8,0.1,0.4,75,240,0.4,75,0.2,0.3,50,0.2,294,4.5,992,2110,3378
11,900,1.5126448449613923,4.250300530306001,0.2609975419203042,0.18215007004201653,556,4,0.2,50,1,0.2,1.8,0.5,0.3,4.8,0.1,0.4,75,240,0.4,75,0.2,0.3,50,0.2,294,4.5,1452,1662,4628
13,1800,1.7263609876117723,4.493922010138067,0.3375295242461932,0.4704910936733572,556,4,0.2,50,1,0.2,1.8,0.5,0.3,4.8,0.1,0.4,75,240,0.4,75,0.2,0.3,50,0.2,294,4.5,4894,3886,9818
12,1200,1.3760675073333972,4.48767779538118,0.21170312298976682,0.418576115608158,556,4,0.2,50,1,0.2,1.8,0.5,0.3,4.8,0.1,0.4,75,240,0.4,75,0.2,0.3,50,0.2,294,4.5,1674,2914,4578
13,2100,1.7983536862179688,4.688673078235732,0.07962164314034272,0.5859644028531701,556,4,0.2,50,1,0.2,1.8,0.5,0.3,4.8,0.1,0.4,75,240,0.4,75,0.2,0.3,50,0.2,294,4.5,5872,4544,11196
11,1200,1.4583653705159727,4.489772090261986,0.20481559993175308,0.49336873762510464,556,4,0.2,50,1,0.2,1.8,0.5,0.3,4.8,0.1,0.4,75,240,0.4,75,0.2,0.3,50,0.2,294,4.5,1848,2506,5788
14,300,1.4271791741078361,4.502737665268209,0.2798037576369001,0.32788455154932505,556,4,0.2,50,1,0.2,1.8,0.5,0.3,4.8,0.1,0.4,75,240,0.4,75,0.2,0.3,50,0.2,294,4.5,588,538,1330
12,1500,1.3778124333094197,4.420372485586415,0.16273486469575754,0.3918086047507901,556,4,0.2,50,1,0.2,1.8,0.5,0.3,4.8,0.1,0.4,75,240,0.4,75,0.2,0.3,50,0.2,294,4.5,4490,4838,7670
13,2400,1.402149466518538,4.346925318431644,0.18430760845864355,0.5030212575621492,556,4,0.2,50,1,0.2,1.8,0.5,0.3,4.8,0.1,0.4,75,240,0.4,75,0.2,0.3,50,0.2,294,4.5,6486,5260,12626
11,1500,1.2938493535016609,4.579438046189371,0.13629570795931314,0.5449099004207697,556,4,0.2,50,1,0.2,1.8,0.5,0.3,4.8,0.1,0.4,75,240,0.4,75,0.2,0.3,50,0.2,294,4.5,3130,3660,8494
14,600,1.0576217012494495,4.640484194844634,0.10679296239178654,0.31991117935282604,556,4,0.2,50,1,0.2,1.8,0.5,0.3,4.8,0.1,0.4,75,240,0.4,75,0.2,0.3,50,0.2,294,4.5,1086,1090,2582
12,1800,1.205665103593201,4.311318797054007,0.37267643395200983,0.6492050133970315,556,4,0.2,50,1,0.2,1.8,0.5,0.3,4.8,0.1,0.4,75,240,0.4,75,0.2,0.3,50,0.2,294,4.5,5104,5666,9386
11,1800,1.2783727791494572,4.365098030073857,0.13539207169459397,0.49537053421389293,556,4,0.2,50,1,0.2,1.8,0.5,0.3,4.8,0.1,0.4,75,240,0.4,75,0.2,0.3,50,0.2,294,4.5,3848,4114,9424
13,2700,1.3488466885228017,4.54691886793435,0.14553854636755365,0.33967562941402596,556,4,0.2,50,1,0.2,1.8,0.5,0.3,4.8,0.1,0.4,75,240,0.4,75,0.2,0.3,50,0.2,294,4.5,7444,5792,15122
12,2100,1.1069665822145092,4.216141777774071,0.12693309561733793,0.20542722324705925,556,4,0.2,50,1,0.2,1.8,0.5,0.3,4.8,0.1,0.4,75,240,0.4,75,0.2,0.3,50,0.2,294,4.5,5984,6134,10836
14,900,1.1029691954587086,4.380841685673749,0.24432665920303584,0.7531755318025155,556,4,0.2,50,1,0.2,1.8,0.5,0.3,4.8,0.1,0.4,75,240,0.4,75,0.2,0.3,50,0.2,294,4.5,1580,1758,4072
11,2100,1.18988393134765,5.214095255033779,0.06653913103409025,0.099823053662615,556,4,0.2,50,1,0.2,1.8,0.5,0.3,4.8,0.1,0.4,75,240,0.4,75,0.2,0.3,50,0.2,294,4.5,4432,4710,10916
13,3000,1.310622700112342,4.528632452508878,0.10379759493708063,0.43510475765317513,556,4,0.2,50,1,0.2,1.8,0.5,0.3,4.8,0.1,0.4,75,240,0.4,75,0.2,0.3,50,0.2,294,4.5,7960,6788,16494
14,1200,1.3668264820295428,4.485938067975888,0.21294349316197367,0.49117112645232897,556,4,0.2,50,1,0.2,1.8,0.5,0.3,4.8,0.1,0.4,75,240,0.4,75,0.2,0.3,50,0.2,294,4.5,2870,2526,5636
12,2400,1.3721068598211523,4.482151104408745,0.18454495465550533,0.5212889836553042,556,4,0.2,50,1,0.2,1.8,0.5,0.3,4.8,0.1,0.4,75,240,0.4,75,0.2,0.3,50,0.2,294,4.5,6556,6508,12386
13,3300,1.1417161765311583,4.7872778406384775,0.19174888286002334,0.7301855825002586,556,4,0.2,50,1,0.2,1.8,0.5,0.3,4.8,0.1,0.4,75,240,0.4,75,0.2,0.3,50,0.2,294,4.5,8734,7350,18016
11,2400,1.42939577910947,4.527423600219204,0.20227761682774442,0.5231822178811293,556,4,0.2,50,1,0.2,1.8,0.5,0.3,4.8,0.1,0.4,75,240,0.4,75,0.2,0.3,50,0.2,294,4.5,5188,5652,12246
14,1500,1.5047223521999107,4.420537212889418,0.16034820523420384,0.5527156191331455,556,4,0.2,50,1,0.2,1.8,0.5,0.3,4.8,0.1,0.4,75,240,0.4,75,0.2,0.3,50,0.2,294,4.5,4612,3844,7810
12,2700,1.4370337082469755,4.797375835325397,0.17167872846743626,0.574092786158191,556,4,0.2,50,1,0.2,1.8,0.5,0.3,4.8,0.1,0.4,75,240,0.4,75,0.2,0.3,50,0.2,294,4.5,8030,7714,14822
16,300,1.4591170976676016,4.690008847193932,0.1613971395708946,0.44319051952427424,556,4,0.2,50,1,0.2,1.8,0.5,0.3,4.8,0.1,0.4,75,240,0.4,75,0.2,0.3,50,0.2,294,4.5,372,606,824
13,3600,1.3795236992107047,4.519322203667128,0.20777366820116816,0.5246466600957757,556,4,0.2,50,1,0.2,1.8,0.5,0.3,4.8,0.1,0.4,75,240,0.4,75,0.2,0.3,50,0.2,294,4.5,9862,7814,19494
11,2700,1.4392460063292827,4.410047323429682,0.19300340708921926,0.6544988976863609,556,4,0.2,50,1,0.2,1.8,0.5,0.3,4.8,0.1,0.4,75,240,0.4,75,0.2,0.3,50,0.2,294,4.5,6600,6706,14008
16,600,1.181796954975545,4.82040939799281,0.1301506754427803,0.3129926452940753,556,4,0.2,50,1,0.2,1.8,0.5,0.3,4.8,0.1,0.4,75,240,0.4,75,0.2,0.3,50,0.2,294,4.5,856,1708,2626
12,3000,1.1458654517343903,4.261620107261328,0.08200879238275177,0.4452824508196213,556,4,0.2,50,1,0.2,1.8,0.5,0.3,4.8,0.1,0.4,75,240,0.4,75,0.2,0.3,50,0.2,294,4.5,9148,8838,16002
14,1800,1.322487822530946,4.669475613396473,0.16576378606759087,0.5640264724884052,556,4,0.2,50,1,0.2,1.8,0.5,0.3,4.8,0.1,0.4,75,240,0.4,75,0.2,0.3,50,0.2,294,4.5,5496,4598,9176
16,900,1.2719496105270935,4.486879572956962,0.27653699892785977,0.036038684320756735,556,4,0.2,50,1,0.2,1.8,0.5,0.3,4.8,0.1,0.4,75,240,0.4,75,0.2,0.3,50,0.2,294,4.5,1226,2142,3578
11,3000,1.6769807719879886,4.596547729700681,0.006206370066710751,0.5293081215079436,556,4,0.2,50,1,0.2,1.8,0.5,0.3,4.8,0.1,0.4,75,240,0.4,75,0.2,0.3,50,0.2,294,4.5,8368,7828,15348
12,3300,1.2458896715733345,4.517839890349503,0.3984862462117647,0.053579870245703536,556,4,0.2,50,1,0.2,1.8,0.5,0.3,4.8,0.1,0.4,75,240,0.4,75,0.2,0.3,50,0.2,294,4.5,9996,9332,17570
16,1200,1.418747240465503,4.517500943162438,0.20582236553182043,0.501467738527348,556,4,0.2,50,1,0.2,1.8,0.5,0.3,4.8,0.1,0.4,75,240,0.4,75,0.2,0.3,50,0.2,294,4.5,1898,2732,4730
14,2100,1.3988336691250893,4.726910133429089,0.2475213853992397,0.3081136144176764,556,4,0.2,50,1,0.2,1.8,0.5,0.3,4.8,0.1,0.4,75,240,0.4,75,0.2,0.3,50,0.2,294,4.5,6004,5274,10086
11,3300,1.596033970314524,4.18066657401427,0.10403634527711153,0.6893377127668995,556,4,0.2,50,1,0.2,1.8,0.5,0.3,4.8,0.1,0.4,75,240,0.4,75,0.2,0.3,50,0.2,294,4.5,9360,8610,17428
12,3600,1.363154381838322,4.528059068633995,0.19183407863372756,0.5320825243156604,556,4,0.2,50,1,0.2,1.8,0.5,0.3,4.8,0.1,0.4,75,240,0.4,75,0.2,0.3,50,0.2,294,4.5,10498,10492,19656
14,2400,1.4080246399777663,4.573250202017114,0.18409450874829517,0.5701367426444613,556,4,0.2,50,1,0.2,1.8,0.5,0.3,4.8,0.1,0.4,75,240,0.4,75,0.2,0.3,50,0.2,294,4.5,6606,6052,11972
16,1500,1.4831693293759183,4.2814368405612315,0.13650402406620635,0.4903123531433433,556,4,0.2,50,1,0.2,1.8,0.5,0.3,4.8,0.1,0.4,75,240,0.4,75,0.2,0.3,50,0.2,294,4.5,3634,3624,6598
11,3600,1.3833303185191799,4.499979959907544,0.19247670495826358,0.4726414416294875,556,4,0.2,50,1,0.2,1.8,0.5,0.3,4.8,0.1,0.4,75,240,0.4,75,0.2,0.3,50,0.2,294,4.5,10486,9146,18786
17,300,1.4553500407865907,4.537384108985971,0.1511315064621519,0.5081566300066459,556,4,0.2,50,1,0.2,1.8,0.5,0.3,4.8,0.1,0.4,75,240,0.4,75,0.2,0.3,50,0.2,294,4.5,562,1214,2018
16,1800,1.456254459507564,4.654075757916185,0.38010966077723723,0.15376989864542653,556,4,0.2,50,1,0.2,1.8,0.5,0.3,4.8,0.1,0.4,75,240,0.4,75,0.2,0.3,50,0.2,294,4.5,4380,4116,7864
14,2700,1.3174177815400543,4.465970165919524,0.11933813616475215,0.4809908165624975,556,4,0.2,50,1,0.2,1.8,0.5,0.3,4.8,0.1,0.4,75,240,0.4,75,0.2,0.3,50,0.2,294,4.5,8202,6932,15180
16,2100,1.467379636165867,4.68469179895944,0.10732580920935483,0.39002246742428304,556,4,0.2,50,1,0.2,1.8,0.5,0.3,4.8,0.1,0.4,75,240,0.4,75,0.2,0.3,50,0.2,294,4.5,5012,4802,9704
17,600,1.3069703765755543,4.4616613537133745,0.19423447904146268,0.3721285358386604,556,4,0.2,50,1,0.2,1.8,0.5,0.3,4.8,0.1,0.4,75,240,0.4,75,0.2,0.3,50,0.2,294,4.5,1412,1826,3978
15,300,1.2856071110560772,4.570365695297364,0.19409003269777494,0.3321020091860509,556,4,0.2,50,1,0.2,1.8,0.5,0.3,4.8,0.1,0.4,75,240,0.4,75,0.2,0.3,50,0.2,294,4.5,716,876,1546
14,3000,1.4733885921106158,4.768000705791384,0.15323041712912258,0.5228209272322762,556,4,0.2,50,1,0.2,1.8,0.5,0.3,4.8,0.1,0.4,75,240,0.4,75,0.2,0.3,50,0.2,294,4.5,9048,7784,16712
16,2400,1.3776160093478487,4.481766537860918,0.2183449505147874,0.4681028608516748,556,4,0.2,50,1,0.2,1.8,0.5,0.3,4.8,0.1,0.4,75,240,0.4,75,0.2,0.3,50,0.2,294,4.5,5792,5712,11288
17,900,1.3390548052688775,3.89937614541976,0.22459371927007657,0.9501672315746632,556,4,0.2,50,1,0.2,1.8,0.5,0.3,4.8,0.1,0.4,75,240,0.4,75,0.2,0.3,50,0.2,294,4.5,1692,2152,5568
17,1200,1.3855518826141229,4.534702650631963,0.21751007148699594,0.5128454219414861,556,4,0.2,50,1,0.2,1.8,0.5,0.3,4.8,0.1,0.4,75,240,0.4,75,0.2,0.3,50,0.2,294,4.5,2250,3032,6822
16,2700,1.4392242018120402,4.4294107647522285,0.25957941345654617,0.4425137641318071,556,4,0.2,50,1,0.2,1.8,0.5,0.3,4.8,0.1,0.4,75,240,0.4,75,0.2,0.3,50,0.2,294,4.5,7508,6502,13454
14,3300,1.4488732569521394,4.8991254250463205,0.012409712297030383,0.6229879859058407,556,4,0.2,50,1,0.2,1.8,0.5,0.3,4.8,0.1,0.4,75,240,0.4,75,0.2,0.3,50,0.2,294,4.5,9374,8342,18052
15,600,1.3954340887233898,4.654645388283077,0.0407437449623348,0.3248032109131872,556,4,0.2,50,1,0.2,1.8,0.5,0.3,4.8,0.1,0.4,75,240,0.4,75,0.2,0.3,50,0.2,294,4.5,1192,1304,3352
18,300,1.4696118973482792,4.4825673637508014,0.22705492083251094,0.4959686123879031,556,4,0.2,50,1,0.2,1.8,0.5,0.3,4.8,0.1,0.4,75,240,0.4,75,0.2,0.3,50,0.2,294,4.5,588,1212,1608
17,1500,1.5382233309311892,4.7383377546749665,0.23194548479236723,0.4113113060101141,556,4,0.2,50,1,0.2,1.8,0.5,0.3,4.8,0.1,0.4,75,240,0.4,75,0.2,0.3,50,0.2,294,4.5,3800,4266,9236
16,3000,1.6724570178376388,4.090251916797868,0.07131093469554295,0.3730773706383966,556,4,0.2,50,1,0.2,1.8,0.5,0.3,4.8,0.1,0.4,75,240,0.4,75,0.2,0.3,50,0.2,294,4.5,8810,7112,14768
15,900,1.370217861100421,4.2562933538948995,0.12154108385308042,0.5327536054806744,556,4,0.2,50,1,0.2,1.8,0.5,0.3,4.8,0.1,0.4,75,240,0.4,75,0.2,0.3,50,0.2,294,4.5,2480,2016,4810
14,3600,1.3940587364797163,4.519258191942291,0.20873761024637758,0.45341537998147097,556,4,0.2,50,1,0.2,1.8,0.5,0.3,4.8,0.1,0.4,75,240,0.4,75,0.2,0.3,50,0.2,294,4.5,11036,8778,18900
18,600,1.431791634145994,4.2758143667998745,0.1028871597669677,0.7418012924890042,556,4,0.2,50,1,0.2,1.8,0.5,0.3,4.8,0.1,0.4,75,240,0.4,75,0.2,0.3,50,0.2,294,4.5,1496,2112,3562
17,1800,1.2624698270604997,4.167916674362997,0.14889846292999762,0.40531064460375765,556,4,0.2,50,1,0.2,1.8,0.5,0.3,4.8,0.1,0.4,75,240,0.4,75,0.2,0.3,50,0.2,294,4.5,4282,4890,10326
16,3300,1.488461335673337,4.412376333226342,0.25618961625919895,0.3758497389272434,556,4,0.2,50,1,0.2,1.8,0.5,0.3,4.8,0.1,0.4,75,240,0.4,75,0.2,0.3,50,0.2,294,4.5,9198,8030,15890
17,2100,1.4381129375973873,5.653029056661449,0.2636439899385175,0.5179603842522279,556,4,0.2,50,1,0.2,1.8,0.5,0.3,4.8,0.1,0.4,75,240,0.4,75,0.2,0.3,50,0.2,294,4.5,4626,5506,11248
15,1200,1.4117367475137457,4.497571890659248,0.1929972230108267,0.49319523577920693,556,4,0.2,50,1,0.2,1.8,0.5,0.3,4.8,0.1,0.4,75,240,0.4,75,0.2,0.3,50,0.2,294,4.5,3262,4244,7162
16,3600,1.4068376466879748,4.477027696989543,0.2303796644202884,0.5192343822988679,556,4,0.2,50,1,0.2,1.8,0.5,0.3,4.8,0.1,0.4,75,240,0.4,75,0.2,0.3,50,0.2,294,4.5,10056,8562,17330
18,900,1.495813999401028,4.5689713359281825,0.3149797241194863,0.9530557401928024,556,4,0.2,50,1,0.2,1.8,0.5,0.3,4.8,0.1,0.4,75,240,0.4,75,0.2,0.3,50,0.2,294,4.5,2474,3246,4982
17,2400,1.409555799975582,4.559076625332303,0.2172697278606644,0.5473289489553215,556,4,0.2,50,1,0.2,1.8,0.5,0.3,4.8,0.1,0.4,75,240,0.4,75,0.2,0.3,50,0.2,294,4.5,4888,5916,12612
18,1200,1.3674420869093262,4.548888070769892,0.21012565381798962,0.5401766778450064,556,4,0.2,50,1,0.2,1.8,0.5,0.3,4.8,0.1,0.4,75,240,0.4,75,0.2,0.3,50,0.2,294,4.5,2832,3862,6574
15,1500,1.3178274528479232,4.514732531485504,0.23860124864246685,0.5793660273609283,556,4,0.2,50,1,0.2,1.8,0.5,0.3,4.8,0.1,0.4,75,240,0.4,75,0.2,0.3,50,0.2,294,4.5,4280,4766,8942
17,2700,1.3838150108304628,4.541938361005361,0.10586503851927623,0.534206061773154,556,4,0.2,50,1,0.2,1.8,0.5,0.3,4.8,0.1,0.4,75,240,0.4,75,0.2,0.3,50,0.2,294,4.5,6544,7292,14748
15,1800,1.4137723345494941,4.388433422348695,0.08384249043315328,0.39535056993365825,556,4,0.2,50,1,0.2,1.8,0.5,0.3,4.8,0.1,0.4,75,240,0.4,75,0.2,0.3,50,0.2,294,4.5,4786,5230,10054
19,300,1.31578521872684,4.7699422527406385,0.11791854435476985,0.39775311081328335,556,4,0.2,50,1,0.2,1.8,0.5,0.3,4.8,0.1,0.4,75,240,0.4,75,0.2,0.3,50,0.2,294,4.5,334,872,2134
17,3000,1.7370504980630943,4.247228992209799,0.15086298531614667,0.5355431254744715,556,4,0.2,50,1,0.2,1.8,0.5,0.3,4.8,0.1,0.4,75,240,0.4,75,0.2,0.3,50,0.2,294,4.5,7004,7938,15764
18,1500,1.3965920874036488,4.509370473150172,0.23444288300525845,0.5922653997380237,556,4,0.2,50,1,0.2,1.8,0.5,0.3,4.8,0.1,0.4,75,240,0.4,75,0.2,0.3,50,0.2,294,4.5,3766,4978,8876
15,2100,1.2474472703833375,5.184821123369375,0.22519221775787598,0.16312673499897778,556,4,0.2,50,1,0.2,1.8,0.5,0.3,4.8,0.1,0.4,75,240,0.4,75,0.2,0.3,50,0.2,294,4.5,5394,5794,11300
19,600,1.6115835748397185,4.275655977343788,0.010337265610936302,0.5519970865730645,556,4,0.2,50,1,0.2,1.8,0.5,0.3,4.8,0.1,0.4,75,240,0.4,75,0.2,0.3,50,0.2,294,4.5,822,2058,3654
17,3300,1.4201199547065417,5.048702924118846,0.20955030144849832,0.28579012861422165,556,4,0.2,50,1,0.2,1.8,0.5,0.3,4.8,0.1,0.4,75,240,0.4,75,0.2,0.3,50,0.2,294,4.5,7362,8420,16950
18,1800,1.4122196196097767,4.553214589608923,0.09872476049272806,0.6529413381797257,556,4,0.2,50,1,0.2,1.8,0.5,0.3,4.8,0.1,0.4,75,240,0.4,75,0.2,0.3,50,0.2,294,4.5,4564,5302,10450
15,2400,1.377349208412823,4.544656015580132,0.16761031108565608,0.4991804852317181,556,4,0.2,50,1,0.2,1.8,0.5,0.3,4.8,0.1,0.4,75,240,0.4,75,0.2,0.3,50,0.2,294,4.5,5926,6406,12398
19,900,1.3806436687212584,4.5667314114153985,0.2748840554715227,0.6721364400884305,556,4,0.2,50,1,0.2,1.8,0.5,0.3,4.8,0.1,0.4,75,240,0.4,75,0.2,0.3,50,0.2,294,4.5,1792,2892,5138
18,2100,1.3676927614356165,4.2763109448796905,0.04359795929958556,0.5444739162324804,556,4,0.2,50,1,0.2,1.8,0.5,0.3,4.8,0.1,0.4,75,240,0.4,75,0.2,0.3,50,0.2,294,4.5,5108,5730,11112
15,2700,1.3421456003762149,4.362017983527668,0.24509356182489295,0.4683692006547716,556,4,0.2,50,1,0.2,1.8,0.5,0.3,4.8,0.1,0.4,75,240,0.4,75,0.2,0.3,50,0.2,294,4.5,7184,8138,16296
19,1200,1.3565531842881253,4.486851285028777,0.17118788349668757,0.5194796923299104,556,4,0.2,50,1,0.2,1.8,0.5,0.3,4.8,0.1,0.4,75,240,0.4,75,0.2,0.3,50,0.2,294,4.5,2746,3632,6614
17,3600,1.3754122799676929,4.488627367214491,0.18968984607953276,0.477630246672919,556,4,0.2,50,1,0.2,1.8,0.5,0.3,4.8,0.1,0.4,75,240,0.4,75,0.2,0.3,50,0.2,294,4.5,8314,9734,18912
18,2400,1.4033154745919378,4.480428853829073,0.1938457167060709,0.4721424596378391,556,4,0.2,50,1,0.2,1.8,0.5,0.3,4.8,0.1,0.4,75,240,0.4,75,0.2,0.3,50,0.2,294,4.5,5976,6566,13170
15,3000,1.5703097657447873,4.572995250252149,0.24050236405340195,0.4251874682081164,556,4,0.2,50,1,0.2,1.8,0.5,0.3,4.8,0.1,0.4,75,240,0.4,75,0.2,0.3,50,0.2,294,4.5,7808,9442,17764
19,1500,1.4873722618301204,4.294993023388994,0.2225499955252879,0.5045245355037007,556,4,0.2,50,1,0.2,1.8,0.5,0.3,4.8,0.1,0.4,75,240,0.4,75,0.2,0.3,50,0.2,294,4.5,3636,4374,8894
18,2700,1.4012406145655232,4.35504849852103,0.2485806869584933,0.37442928238630613,556,4,0.2,50,1,0.2,1.8,0.5,0.3,4.8,0.1,0.4,75,240,0.4,75,0.2,0.3,50,0.2,294,4.5,6964,8026,15954
15,3300,1.1607614753658468,3.753454784988467,0.303218150966703,0.7550291799691362,556,4,0.2,50,1,0.2,1.8,0.5,0.3,4.8,0.1,0.4,75,240,0.4,75,0.2,0.3,50,0.2,294,4.5,8150,9750,18750
19,1800,1.2971449861968882,4.917364471018683,0.17491892045045326,0.2942964843816295,556,4,0.2,50,1,0.2,1.8,0.5,0.3,4.8,0.1,0.4,75,240,0.4,75,0.2,0.3,50,0.2,294,4.5,4386,4652,10824
18,3000,1.5416521097277223,4.668028748563429,0.08077974001770545,0.24121640524720894,556,4,0.2,50,1,0.2,1.8,0.5,0.3,4.8,0.1,0.4,75,240,0.4,75,0.2,0.3,50,0.2,294,4.5,8024,9126,18122
15,3600,1.3867951616496637,4.429548895655866,0.21638018736738143,0.44629433724001816,556,4,0.2,50,1,0.2,1.8,0.5,0.3,4.8,0.1,0.4,75,240,0.4,75,0.2,0.3,50,0.2,294,4.5,9262,10716,20942
19,2100,1.1526722152037192,4.559937279847223,0.10530747602598885,0.3619153273460862,556,4,0.2,50,1,0.2,1.8,0.5,0.3,4.8,0.1,0.4,75,240,0.4,75,0.2,0.3,50,0.2,294,4.5,5360,5332,12520
18,3300,1.23631719980543,4.4186750192903705,0.05707193509713578,0.38613286238242756,556,4,0.2,50,1,0.2,1.8,0.5,0.3,4.8,0.1,0.4,75,240,0.4,75,0.2,0.3,50,0.2,294,4.5,8362,9464,19286
19,2400,1.3802675088618674,4.563285600725915,0.2080799361227113,0.4701786218539239,556,4,0.2,50,1,0.2,1.8,0.5,0.3,4.8,0.1,0.4,75,240,0.4,75,0.2,0.3,50,0.2,294,4.5,6376,6562,14076
18,3600,1.4260051019832232,4.503450326099283,0.17708015541457311,0.47163036592790114,556,4,0.2,50,1,0.2,1.8,0.5,0.3,4.8,0.1,0.4,75,240,0.4,75,0.2,0.3,50,0.2,294,4.5,9744,10250,21824
19,2700,1.4412446271581127,4.268160629195711,0.12559389397452825,0.7420731028458825,556,4,0.2,50,1,0.2,1.8,0.5,0.3,4.8,0.1,0.4,75,240,0.4,75,0.2,0.3,50,0.2,294,4.5,7396,7730,16610
19,3000,1.6040090009948094,4.632046205131134,0.1573398199303006,0.36289044588873215,556,4,0.2,50,1,0.2,1.8,0.5,0.3,4.8,0.1,0.4,75,240,0.4,75,0.2,0.3,50,0.2,294,4.5,7902,8152,17796
19,3300,1.3261039743452083,4.092225316138826,0.026785805208521436,0.33369438701382115,556,4,0.2,50,1,0.2,1.8,0.5,0.3,4.8,0.1,0.4,75,240,0.4,75,0.2,0.3,50,0.2,294,4.5,8260,8554,18766
19,3600,1.3299434791783118,4.551057111676244,0.19974837848179236,0.5061820424164106,556,4,0.2,50,1,0.2,1.8,0.5,0.3,4.8,0.1,0.4,75,240,0.4,75,0.2,0.3,50,0.2,294,4.5,8666,9508,20078
20,300,1.478660363762017,4.307432183324541,0.22821519078669164,0.7059819585826618,556,4,0.2,50,1,0.2,1.8,0.5,0.3,4.8,0.1,0.4,75,240,0.4,75,0.2,0.3,50,0.2,294,4.5,322,370,782
20,600,1.3947072194102499,4.256074826667586,0.15324333717637686,0.06931804677433759,556,4,0.2,50,1,0.2,1.8,0.5,0.3,4.8,0.1,0.4,75,240,0.4,75,0.2,0.3,50,0.2,294,4.5,740,776,1958
20,900,1.1912822731581452,5.324234512820831,0.27519958297689023,0.14626844660504743,556,4,0.2,50,1,0.2,1.8,0.5,0.3,4.8,0.1,0.4,75,240,0.4,75,0.2,0.3,50,0.2,294,4.5,1214,1296,2590
20,1200,1.4210947407262262,4.439915260457671,0.16596572815124863,0.5046408443794789,556,4,0.2,50,1,0.2,1.8,0.5,0.3,4.8,0.1,0.4,75,240,0.4,75,0.2,0.3,50,0.2,294,4.5,2124,1804,3798
20,1500,1.3951686650189483,4.389558300559702,0.17731947506560422,0.44919072527592374,556,4,0.2,50,1,0.2,1.8,0.5,0.3,4.8,0.1,0.4,75,240,0.4,75,0.2,0.3,50,0.2,294,4.5,3446,2520,6556
20,1800,1.205595912805529,4.590912200154583,0.08850787643828335,0.4096693064533728,556,4,0.2,50,1,0.2,1.8,0.5,0.3,4.8,0.1,0.4,75,240,0.4,75,0.2,0.3,50,0.2,294,4.5,4018,3144,8424
20,2100,1.3613075885780097,4.635114160334627,0.13482281254336365,0.6467056110165281,556,4,0.2,50,1,0.2,1.8,0.5,0.3,4.8,0.1,0.4,75,240,0.4,75,0.2,0.3,50,0.2,294,4.5,4786,3568,9796
20,2400,1.4218184827893914,4.487530670045332,0.1912875773710432,0.4786703359231019,556,4,0.2,50,1,0.2,1.8,0.5,0.3,4.8,0.1,0.4,75,240,0.4,75,0.2,0.3,50,0.2,294,4.5,5754,4686,11352
20,2700,1.4110231484841733,4.604574275664515,0.17954540884248005,0.46519154846061805,556,4,0.2,50,1,0.2,1.8,0.5,0.3,4.8,0.1,0.4,75,240,0.4,75,0.2,0.3,50,0.2,294,4.5,7374,5676,13248
20,3000,1.6219851499339775,4.284992083161035,0.13793406645560446,0.3100554278811378,556,4,0.2,50,1,0.2,1.8,0.5,0.3,4.8,0.1,0.4,75,240,0.4,75,0.2,0.3,50,0.2,294,4.5,7838,6344,14134
20,3300,1.5611282842798109,4.42425614644046,0.06465794223339151,0.23368331914394988,556,4,0.2,50,1,0.2,1.8,0.5,0.3,4.8,0.1,0.4,75,240,0.4,75,0.2,0.3,50,0.2,294,4.5,8128,7106,15346
20,3600,1.4005337833405695,4.564460011037202,0.20687607226843688,0.45113060500326985,556,4,0.2,50,1,0.2,1.8,0.5,0.3,4.8,0.1,0.4,75,240,0.4,75,0.2,0.3,50,0.2,294,4.5,9378,7898,16904
21,300,1.470096904510672,4.7760776827986,0.17995349941003186,0.6147789909011392,556,4,0.2,50,1,0.2,1.8,0.5,0.3,4.8,0.1,0.4,75,240,0.4,75,0.2,0.3,50,0.2,294,4.5,196,1086,1096
21,600,1.5145574660879344,4.3970484904861165,0.23665439423203902,0.5502575318087842,556,4,0.2,50,1,0.2,1.8,0.5,0.3,4.8,0.1,0.4,75,240,0.4,75,0.2,0.3,50,0.2,294,4.5,554,1732,2792
21,900,1.3736964982419455,3.359144983085975,0.3190805237198131,0.5150473796906043,556,4,0.2,50,1,0.2,1.8,0.5,0.3,4.8,0.1,0.4,75,240,0.4,75,0.2,0.3,50,0.2,294,4.5,1260,2156,3960
22,300,1.3742969904996392,4.319822903679482,0.2123864723497931,0.5156303359875718,556,4,0.2,50,1,0.2,1.8,0.5,0.3,4.8,0.1,0.4,75,240,0.4,75,0.2,0.3,50,0.2,294,4.5,932,1014,1494
21,1200,1.4052684384723055,4.527447382087011,0.1928790004513681,0.5093215924150012,556,4,0.2,50,1,0.2,1.8,0.5,0.3,4.8,0.1,0.4,75,240,0.4,75,0.2,0.3,50,0.2,294,4.5,3084,2844,5298
23,300,1.4269776002566017,4.573511459224959,0.1462403192618268,0.47687641231020833,556,4,0.2,50,1,0.2,1.8,0.5,0.3,4.8,0.1,0.4,75,240,0.4,75,0.2,0.3,50,0.2,294,4.5,1064,300,1082
21,1500,1.0992414591232296,4.607442010158122,0.05141828937091903,0.4846696083320193,556,4,0.2,50,1,0.2,1.8,0.5,0.3,4.8,0.1,0.4,75,240,0.4,75,0.2,0.3,50,0.2,294,4.5,3858,3564,7438
22,600,1.6404932765132085,4.779675935763341,0.021442486961267996,0.6060034558855487,556,4,0.2,50,1,0.2,1.8,0.5,0.3,4.8,0.1,0.4,75,240,0.4,75,0.2,0.3,50,0.2,294,4.5,1524,1650,3450
21,1800,1.3349072205237573,4.919894493988301,0.1301601869487639,0.3950342121486961,556,4,0.2,50,1,0.2,1.8,0.5,0.3,4.8,0.1,0.4,75,240,0.4,75,0.2,0.3,50,0.2,294,4.5,4970,4062,8894
23,600,1.2983428200404212,4.158070422538647,0.10669906095135549,0.5447791912055184,556,4,0.2,50,1,0.2,1.8,0.5,0.3,4.8,0.1,0.4,75,240,0.4,75,0.2,0.3,50,0.2,294,4.5,1660,1264,2430
22,900,1.5320727451568918,4.2408170131475975,0.3358209863145426,0.762006322896528,556,4,0.2,50,1,0.2,1.8,0.5,0.3,4.8,0.1,0.4,75,240,0.4,75,0.2,0.3,50,0.2,294,4.5,2340,2568,5882
21,2100,1.7240692438257121,4.998641491085328,0.0551067788761933,0.09774060842289091,556,4,0.2,50,1,0.2,1.8,0.5,0.3,4.8,0.1,0.4,75,240,0.4,75,0.2,0.3,50,0.2,294,4.5,5700,4476,10002
23,900,1.4226060776237275,4.185054682672175,0.09991003947902419,0.911046857654042,556,4,0.2,50,1,0.2,1.8,0.5,0.3,4.8,0.1,0.4,75,240,0.4,75,0.2,0.3,50,0.2,294,4.5,2150,1938,4152
22,1200,1.4032958259321704,4.422096156705928,0.26172187757269455,0.49986076393927004,556,4,0.2,50,1,0.2,1.8,0.5,0.3,4.8,0.1,0.4,75,240,0.4,75,0.2,0.3,50,0.2,294,4.5,3098,3426,7674
21,2400,1.3909483516716281,4.5289437365683005,0.19489605845962923,0.5118793323774566,556,4,0.2,50,1,0.2,1.8,0.5,0.3,4.8,0.1,0.4,75,240,0.4,75,0.2,0.3,50,0.2,294,4.5,6364,5252,12056
23,1200,1.389876489538716,4.419261793097095,0.18707649424771286,0.477243572242916,556,4,0.2,50,1,0.2,1.8,0.5,0.3,4.8,0.1,0.4,75,240,0.4,75,0.2,0.3,50,0.2,294,4.5,2400,2680,5366
22,1500,1.428138374494502,4.738241245452295,0.19807061605174386,0.46936948875285855,556,4,0.2,50,1,0.2,1.8,0.5,0.3,4.8,0.1,0.4,75,240,0.4,75,0.2,0.3,50,0.2,294,4.5,4276,4578,9938
21,2700,1.2983010154035384,4.5536403595918244,0.20990303731586057,0.5117574395336425,556,4,0.2,50,1,0.2,1.8,0.5,0.3,4.8,0.1,0.4,75,240,0.4,75,0.2,0.3,50,0.2,294,4.5,7210,6242,13992
22,1800,1.1997940001624963,4.348659920307363,0.11767070208954164,0.876907417497706,556,4,0.2,50,1,0.2,1.8,0.5,0.3,4.8,0.1,0.4,75,240,0.4,75,0.2,0.3,50,0.2,294,4.5,4708,5396,10976
23,1500,1.3557498156991605,4.526236428957373,0.1728412403175444,0.5269503143862313,556,4,0.2,50,1,0.2,1.8,0.5,0.3,4.8,0.1,0.4,75,240,0.4,75,0.2,0.3,50,0.2,294,4.5,3634,4234,8982
21,3000,1.3932674571954013,4.870489683071446,0.04742661695585775,0.5749580043830379,556,4,0.2,50,1,0.2,1.8,0.5,0.3,4.8,0.1,0.4,75,240,0.4,75,0.2,0.3,50,0.2,294,4.5,8032,7174,16028
22,2100,1.3261686531279324,4.046220750613469,0.012889907750999612,0.4383381797115946,556,4,0.2,50,1,0.2,1.8,0.5,0.3,4.8,0.1,0.4,75,240,0.4,75,0.2,0.3,50,0.2,294,4.5,5118,6208,12328
24,300,1.480130582930649,4.503656384281529,0.1793652981399127,0.5202143225158832,556,4,0.2,50,1,0.2,1.8,0.5,0.3,4.8,0.1,0.4,75,240,0.4,75,0.2,0.3,50,0.2,294,4.5,814,628,1784
25,300,1.395928805225921,4.616963690990049,0.15692983317903747,0.5326890416713773,556,4,0.2,50,1,0.2,1.8,0.5,0.3,4.8,0.1,0.4,75,240,0.4,75,0.2,0.3,50,0.2,294,4.5,372,438,1254
23,1800,1.4038849354205412,4.373320683814221,0.37069447623033835,0.3804137962996985,556,4,0.2,50,1,0.2,1.8,0.5,0.3,4.8,0.1,0.4,75,240,0.4,75,0.2,0.3,50,0.2,294,4.5,4686,5142,11404
22,2400,1.4124270186630408,4.484623540874305,0.17809877872411523,0.5216128290525575,556,4,0.2,50,1,0.2,1.8,0.5,0.3,4.8,0.1,0.4,75,240,0.4,75,0.2,0.3,50,0.2,294,4.5,7064,6874,16702
21,3300,1.4073513523292993,4.508405981050286,0.15596319946128312,0.14842036914411588,556,4,0.2,50,1,0.2,1.8,0.5,0.3,4.8,0.1,0.4,75,240,0.4,75,0.2,0.3,50,0.2,294,4.5,8764,7840,17964
24,600,1.5317061965663834,4.531216459574837,0.10806018419041297,0.24543113567111538,556,4,0.2,50,1,0.2,1.8,0.5,0.3,4.8,0.1,0.4,75,240,0.4,75,0.2,0.3,50,0.2,294,4.5,1422,1174,3392
25,600,1.4195938054873776,4.404122054025903,0.22075075230213917,0.6263340905969567,556,4,0.2,50,1,0.2,1.8,0.5,0.3,4.8,0.1,0.4,75,240,0.4,75,0.2,0.3,50,0.2,294,4.5,836,1064,2498
23,2100,1.3111939603018443,4.541406576214889,0.26824275941968667,0.28702821288273067,556,4,0.2,50,1,0.2,1.8,0.5,0.3,4.8,0.1,0.4,75,240,0.4,75,0.2,0.3,50,0.2,294,4.5,5136,6702,13808
24,900,1.4469936789393125,3.6589213974204258,0.09200789672992996,0.07692743358524061,556,4,0.2,50,1,0.2,1.8,0.5,0.3,4.8,0.1,0.4,75,240,0.4,75,0.2,0.3,50,0.2,294,4.5,1882,1848,4870
21,3600,1.3608112962806709,4.429772022690702,0.20142411780753963,0.5223477468907356,556,4,0.2,50,1,0.2,1.8,0.5,0.3,4.8,0.1,0.4,75,240,0.4,75,0.2,0.3,50,0.2,294,4.5,9926,8250,20298
22,2700,1.3841973308721822,4.733207360539721,0.12968280517673583,0.5146707960989677,556,4,0.2,50,1,0.2,1.8,0.5,0.3,4.8,0.1,0.4,75,240,0.4,75,0.2,0.3,50,0.2,294,4.5,8690,8206,20458
25,900,1.3915578928155523,4.293926818399728,0.10724415164792919,0.6990376167522485,556,4,0.2,50,1,0.2,1.8,0.5,0.3,4.8,0.1,0.4,75,240,0.4,75,0.2,0.3,50,0.2,294,4.5,1806,1794,3950
23,2400,1.3798293819613632,4.43603486440203,0.20602646965345459,0.47052932142874937,556,4,0.2,50,1,0.2,1.8,0.5,0.3,4.8,0.1,0.4,75,240,0.4,75,0.2,0.3,50,0.2,294,4.5,6154,7456,15036
22,3000,1.3390722537441864,4.565882802580791,0.113495117455792,0.6906971331598333,556,4,0.2,50,1,0.2,1.8,0.5,0.3,4.8,0.1,0.4,75,240,0.4,75,0.2,0.3,50,0.2,294,4.5,9072,9168,22184
24,1200,1.420774872864531,4.537055555130506,0.21322874600727215,0.4944128252401795,556,4,0.2,50,1,0.2,1.8,0.5,0.3,4.8,0.1,0.4,75,240,0.4,75,0.2,0.3,50,0.2,294,4.5,2260,2346,6968
25,1200,1.395329626383845,4.5034886718225176,0.21054517844441806,0.463422477300397,556,4,0.2,50,1,0.2,1.8,0.5,0.3,4.8,0.1,0.4,75,240,0.4,75,0.2,0.3,50,0.2,294,4.5,2590,2824,6272
22,3300,1.171927468092452,4.636463360138414,0.09475746884234905,0.570920536028412,556,4,0.2,50,1,0.2,1.8,0.5,0.3,4.8,0.1,0.4,75,240,0.4,75,0.2,0.3,50,0.2,294,4.5,9550,9738,23266
23,2700,1.4519880525610487,4.325240941863744,0.18026624850510947,0.35040128423924854,556,4,0.2,50,1,0.2,1.8,0.5,0.3,4.8,0.1,0.4,75,240,0.4,75,0.2,0.3,50,0.2,294,4.5,7420,9000,17460
25,1500,1.4065705186374682,4.457466757105565,0.2223304758481048,0.5149240832878731,556,4,0.2,50,1,0.2,1.8,0.5,0.3,4.8,0.1,0.4,75,240,0.4,75,0.2,0.3,50,0.2,294,4.5,3512,3756,9170
24,1500,1.3142505471036723,4.430834390034142,0.19021105370518718,0.3582145455706126,556,4,0.2,50,1,0.2,1.8,0.5,0.3,4.8,0.1,0.4,75,240,0.4,75,0.2,0.3,50,0.2,294,4.5,3088,3702,9828
23,3000,1.1129579595993588,4.521045449842687,0.47229253197495796,0.28694192175031386,556,4,0.2,50,1,0.2,1.8,0.5,0.3,4.8,0.1,0.4,75,240,0.4,75,0.2,0.3,50,0.2,294,4.5,8058,9466,19036
22,3600,1.3636030378945514,4.467112571621763,0.20661270912671717,0.5344460942153397,556,4,0.2,50,1,0.2,1.8,0.5,0.3,4.8,0.1,0.4,75,240,0.4,75,0.2,0.3,50,0.2,294,4.5,10560,10664,24878
24,1800,1.376620321030375,4.656175086921854,0.01507118800292801,0.7939911303256705,556,4,0.2,50,1,0.2,1.8,0.5,0.3,4.8,0.1,0.4,75,240,0.4,75,0.2,0.3,50,0.2,294,4.5,3218,4146,10860
25,1800,1.4960449476022546,4.154269649963521,0.167174437766729,0.3708579815267455,556,4,0.2,50,1,0.2,1.8,0.5,0.3,4.8,0.1,0.4,75,240,0.4,75,0.2,0.3,50,0.2,294,4.5,3910,4042,10860
23,3300,1.333193210768188,4.449667498514787,0.008728733760364234,0.6615603669462781,556,4,0.2,50,1,0.2,1.8,0.5,0.3,4.8,0.1,0.4,75,240,0.4,75,0.2,0.3,50,0.2,294,4.5,8614,9958,19538
24,2100,0.9876283256561473,4.043943340757418,0.003532506993787301,0.3993365653454773,556,4,0.2,50,1,0.2,1.8,0.5,0.3,4.8,0.1,0.4,75,240,0.4,75,0.2,0.3,50,0.2,294,4.5,4076,4564,11510
25,2100,1.4071462662347292,3.734156872314217,0.08873134567613672,0.2585752654701917,556,4,0.2,50,1,0.2,1.8,0.5,0.3,4.8,0.1,0.4,75,240,0.4,75,0.2,0.3,50,0.2,294,4.5,4370,4658,12992
23,3600,1.3909793224310716,4.518801682911675,0.17620690330080088,0.5369743170680468,556,4,0.2,50,1,0.2,1.8,0.5,0.3,4.8,0.1,0.4,75,240,0.4,75,0.2,0.3,50,0.2,294,4.5,9280,10982,21772
25,2400,1.4143629456526043,4.5707196953122855,0.18947615438040732,0.5254636573083926,556,4,0.2,50,1,0.2,1.8,0.5,0.3,4.8,0.1,0.4,75,240,0.4,75,0.2,0.3,50,0.2,294,4.5,5206,5474,14564
24,2400,1.398651986697847,4.511689279035999,0.20234398805360734,0.48142937421985743,556,4,0.2,50,1,0.2,1.8,0.5,0.3,4.8,0.1,0.4,75,240,0.4,75,0.2,0.3,50,0.2,294,4.5,4532,5338,13028
26,300,1.4630667731826636,4.467222296880596,0.11436614987908023,0.39727319588787285,556,4,0.2,50,1,0.2,1.8,0.5,0.3,4.8,0.1,0.4,75,240,0.4,75,0.2,0.3,50,0.2,294,4.5,636,458,1454
25,2700,1.3549397611374547,4.510482235458909,0.15226208053783988,0.5951150553811194,556,4,0.2,50,1,0.2,1.8,0.5,0.3,4.8,0.1,0.4,75,240,0.4,75,0.2,0.3,50,0.2,294,4.5,6976,6458,17046
24,2700,1.3716299326674244,4.452937295976387,0.12037413547294219,0.5276183494358957,556,4,0.2,50,1,0.2,1.8,0.5,0.3,4.8,0.1,0.4,75,240,0.4,75,0.2,0.3,50,0.2,294,4.5,5914,6214,15260
26,600,1.4025928713183518,4.199038771040398,0.18686973928838113,0.6173997106628066,556,4,0.2,50,1,0.2,1.8,0.5,0.3,4.8,0.1,0.4,75,240,0.4,75,0.2,0.3,50,0.2,294,4.5,1000,838,2428
24,3000,1.1366125958558428,4.805711848155527,0.08829300061525314,0.5752961880373176,556,4,0.2,50,1,0.2,1.8,0.5,0.3,4.8,0.1,0.4,75,240,0.4,75,0.2,0.3,50,0.2,294,4.5,6588,6648,16618
25,3000,1.2310322348667808,4.511955417865895,0.12185100775601841,0.520958643073347,556,4,0.2,50,1,0.2,1.8,0.5,0.3,4.8,0.1,0.4,75,240,0.4,75,0.2,0.3,50,0.2,294,4.5,7458,6770,18344
24,3300,1.3894299237725738,4.698207804767395,0.592210749234223,0.7865192944302176,556,4,0.2,50,1,0.2,1.8,0.5,0.3,4.8,0.1,0.4,75,240,0.4,75,0.2,0.3,50,0.2,294,4.5,6830,7778,18736
25,3300,1.7698719344347955,4.839629331784782,0.3624807378679585,0.36001828301861144,556,4,0.2,50,1,0.2,1.8,0.5,0.3,4.8,0.1,0.4,75,240,0.4,75,0.2,0.3,50,0.2,294,4.5,8278,7526,20256
26,900,1.7366741778151569,5.201348614456748,0.253286876811217,0.5691669401204644,556,4,0.2,50,1,0.2,1.8,0.5,0.3,4.8,0.1,0.4,75,240,0.4,75,0.2,0.3,50,0.2,294,4.5,1258,1392,3636
24,3600,1.3876779383271682,4.492935538544808,0.21781267283619085,0.49251425191402304,556,4,0.2,50,1,0.2,1.8,0.5,0.3,4.8,0.1,0.4,75,240,0.4,75,0.2,0.3,50,0.2,294,4.5,7854,8360,20554
26,1200,1.4163146985551145,4.504658340301353,0.19884812744194352,0.5219670199084271,556,4,0.2,50,1,0.2,1.8,0.5,0.3,4.8,0.1,0.4,75,240,0.4,75,0.2,0.3,50,0.2,294,4.5,2006,1982,4858
25,3600,1.4385608512781902,4.483105158879843,0.2092159909931302,0.4131787155282096,556,4,0.2,50,1,0.2,1.8,0.5,0.3,4.8,0.1,0.4,75,240,0.4,75,0.2,0.3,50,0.2,294,4.5,8680,7970,22018
27,300,1.2506945010053616,4.672211976704101,0.27550067914894316,0.45685961165309585,556,4,0.2,50,1,0.2,1.8,0.5,0.3,4.8,0.1,0.4,75,240,0.4,75,0.2,0.3,50,0.2,294,4.5,204,254,984
28,300,1.3956519330733166,4.30488597333176,0.16699238439073943,0.7540045493374726,556,4,0.2,50,1,0.2,1.8,0.5,0.3,4.8,0.1,0.4,75,240,0.4,75,0.2,0.3,50,0.2,294,4.5,232,312,932
26,1500,1.4120948867801484,4.508543982806979,0.06517099543586109,0.5472237862998491,556,4,0.2,50,1,0.2,1.8,0.5,0.3,4.8,0.1,0.4,75,240,0.4,75,0.2,0.3,50,0.2,294,4.5,3108,2686,6784
28,600,1.4076777418486381,4.422182215179997,0.27378514259694786,0.5941334923149175,556,4,0.2,50,1,0.2,1.8,0.5,0.3,4.8,0.1,0.4,75,240,0.4,75,0.2,0.3,50,0.2,294,4.5,1048,1296,3010
27,600,1.361080105182308,4.23034169776047,0.2415412867837423,0.32426171994911085,556,4,0.2,50,1,0.2,1.8,0.5,0.3,4.8,0.1,0.4,75,240,0.4,75,0.2,0.3,50,0.2,294,4.5,886,984,3412
26,1800,1.3134583871407064,4.616415901479516,0.19247808310643602,0.461546646438381,556,4,0.2,50,1,0.2,1.8,0.5,0.3,4.8,0.1,0.4,75,240,0.4,75,0.2,0.3,50,0.2,294,4.5,3722,3358,7834
28,900,1.449964217001301,4.141259438830441,0.17884185926958718,0.363012237326154,556,4,0.2,50,1,0.2,1.8,0.5,0.3,4.8,0.1,0.4,75,240,0.4,75,0.2,0.3,50,0.2,294,4.5,1498,2544,4534
27,900,1.5286143250064448,5.034545009886105,0.133227590031424,0.012768401108906991,556,4,0.2,50,1,0.2,1.8,0.5,0.3,4.8,0.1,0.4,75,240,0.4,75,0.2,0.3,50,0.2,294,4.5,1146,1810,4792
26,2100,1.4943078716466798,4.570537452956206,0.17587052668886732,0.7905512675534142,556,4,0.2,50,1,0.2,1.8,0.5,0.3,4.8,0.1,0.4,75,240,0.4,75,0.2,0.3,50,0.2,294,4.5,4158,3666,9118
28,1200,1.396706195756864,4.547889674577452,0.20246059365356994,0.48066083065339793,556,4,0.2,50,1,0.2,1.8,0.5,0.3,4.8,0.1,0.4,75,240,0.4,75,0.2,0.3,50,0.2,294,4.5,1756,3178,6064
27,1200,1.4115025117623117,4.590540202727208,0.22583103398290616,0.47481145580894507,556,4,0.2,50,1,0.2,1.8,0.5,0.3,4.8,0.1,0.4,75,240,0.4,75,0.2,0.3,50,0.2,294,4.5,1920,2544,6156
26,2400,1.3980988642815655,4.559786519245267,0.19137622821262346,0.5218878899710186,556,4,0.2,50,1,0.2,1.8,0.5,0.3,4.8,0.1,0.4,75,240,0.4,75,0.2,0.3,50,0.2,294,4.5,4858,4430,10342
28,1500,1.478874250195333,4.571627734727055,0.13260702930414245,0.47082652978955064,556,4,0.2,50,1,0.2,1.8,0.5,0.3,4.8,0.1,0.4,75,240,0.4,75,0.2,0.3,50,0.2,294,4.5,3052,4464,8984
26,2700,1.2973461585479416,4.769328869820623,0.07423810975535847,0.6051795020373453,556,4,0.2,50,1,0.2,1.8,0.5,0.3,4.8,0.1,0.4,75,240,0.4,75,0.2,0.3,50,0.2,294,4.5,5812,6148,12372
27,1500,1.4232550730830602,4.672929532625606,0.20467209163357158,0.591883515787229,556,4,0.2,50,1,0.2,1.8,0.5,0.3,4.8,0.1,0.4,75,240,0.4,75,0.2,0.3,50,0.2,294,4.5,3780,4146,9166
26,3000,1.6902428046625069,4.654471495016704,0.06634704059774624,0.7126241137411322,556,4,0.2,50,1,0.2,1.8,0.5,0.3,4.8,0.1,0.4,75,240,0.4,75,0.2,0.3,50,0.2,294,4.5,6474,6814,13830
28,1800,1.8159623939547607,4.589986175471024,0.0788224279654061,0.3008661211951463,556,4,0.2,50,1,0.2,1.8,0.5,0.3,4.8,0.1,0.4,75,240,0.4,75,0.2,0.3,50,0.2,294,4.5,3424,4896,10080
27,1800,1.1269290681302175,4.654798950109805,0.4388160732307569,0.44098078668573265,556,4,0.2,50,1,0.2,1.8,0.5,0.3,4.8,0.1,0.4,75,240,0.4,75,0.2,0.3,50,0.2,294,4.5,4968,4652,10516
26,3300,1.1778578805332316,4.546094746909658,0.015989824158200203,0.753834279613117,556,4,0.2,50,1,0.2,1.8,0.5,0.3,4.8,0.1,0.4,75,240,0.4,75,0.2,0.3,50,0.2,294,4.5,7010,7674,15432
28,2100,1.247144842951168,4.566815594665351,0.02774610795566754,0.16732320723660696,556,4,0.2,50,1,0.2,1.8,0.5,0.3,4.8,0.1,0.4,75,240,0.4,75,0.2,0.3,50,0.2,294,4.5,4118,5390,11328
27,2100,1.6312796519931934,3.927542750969194,0.2629355521588203,1.2122884902107294,556,4,0.2,50,1,0.2,1.8,0.5,0.3,4.8,0.1,0.4,75,240,0.4,75,0.2,0.3,50,0.2,294,4.5,6344,5310,13176
28,2400,1.411695823378737,4.591026382376433,0.19025120312691987,0.5242135894336364,556,4,0.2,50,1,0.2,1.8,0.5,0.3,4.8,0.1,0.4,75,240,0.4,75,0.2,0.3,50,0.2,294,4.5,4744,5950,12900
26,3600,1.4115235979810385,4.546657759073581,0.21089437988477988,0.5180229849113597,556,4,0.2,50,1,0.2,1.8,0.5,0.3,4.8,0.1,0.4,75,240,0.4,75,0.2,0.3,50,0.2,294,4.5,7190,8358,16792
29,300,1.3150031347147875,4.621868214835214,0.10882689088504245,0.4860736331828753,556,4,0.2,50,1,0.2,1.8,0.5,0.3,4.8,0.1,0.4,75,240,0.4,75,0.2,0.3,50,0.2,294,4.5,346,374,1062
27,2400,1.4218395373091466,4.508952307133355,0.22176183888182208,0.4710136579076785,556,4,0.2,50,1,0.2,1.8,0.5,0.3,4.8,0.1,0.4,75,240,0.4,75,0.2,0.3,50,0.2,294,4.5,7112,6040,15512
29,600,1.4697760469660477,4.614534457295816,0.2262889760464439,0.17080552113629058,556,4,0.2,50,1,0.2,1.8,0.5,0.3,4.8,0.1,0.4,75,240,0.4,75,0.2,0.3,50,0.2,294,4.5,1296,974,3714
28,2700,1.4436840348787976,4.285811501846165,0.24022805893920235,0.5741539631657485,556,4,0.2,50,1,0.2,1.8,0.5,0.3,4.8,0.1,0.4,75,240,0.4,75,0.2,0.3,50,0.2,294,4.5,5792,6802,15710
29,900,1.3671947650119016,4.302143182570294,0.0996207764587819,0.034196383284852784,556,4,0.2,50,1,0.2,1.8,0.5,0.3,4.8,0.1,0.4,75,240,0.4,75,0.2,0.3,50,0.2,294,4.5,1996,1620,5212
28,3000,1.4097711036753156,4.530023574024342,0.2275104679328841,0.46050632470496555,556,4,0.2,50,1,0.2,1.8,0.5,0.3,4.8,0.1,0.4,75,240,0.4,75,0.2,0.3,50,0.2,294,4.5,6898,8340,17698
27,2700,1.4803424164889325,4.453854812885601,0.2313923591277685,0.45764453417268147,556,4,0.2,50,1,0.2,1.8,0.5,0.3,4.8,0.1,0.4,75,240,0.4,75,0.2,0.3,50,0.2,294,4.5,9344,7416,18328
29,1200,1.371166138437516,4.449360888965656,0.18130375051734476,0.4917317792469291,556,4,0.2,50,1,0.2,1.8,0.5,0.3,4.8,0.1,0.4,75,240,0.4,75,0.2,0.3,50,0.2,294,4.5,2784,2836,7102
27,3000,1.5057663078906038,4.237094921312067,0.09598408993486844,0.274606522721253,556,4,0.2,50,1,0.2,1.8,0.5,0.3,4.8,0.1,0.4,75,240,0.4,75,0.2,0.3,50,0.2,294,4.5,10004,8056,19588
28,3300,1.634839676128856,3.7608468640744026,0.5715696461341013,0.36187158962467975,556,4,0.2,50,1,0.2,1.8,0.5,0.3,4.8,0.1,0.4,75,240,0.4,75,0.2,0.3,50,0.2,294,4.5,8052,9482,20064
27,3300,1.237811287573399,5.082728126208589,0.10121930467591278,0.6199033736148184,556,4,0.2,50,1,0.2,1.8,0.5,0.3,4.8,0.1,0.4,75,240,0.4,75,0.2,0.3,50,0.2,294,4.5,10520,8454,20836
29,1500,1.5080952876292149,4.457596021793455,0.08340703264763047,0.6667186679948983,556,4,0.2,50,1,0.2,1.8,0.5,0.3,4.8,0.1,0.4,75,240,0.4,75,0.2,0.3,50,0.2,294,4.5,4048,4228,10274
28,3600,1.4255750162746874,4.511422151625283,0.19253680992358504,0.5015419726508951,556,4,0.2,50,1,0.2,1.8,0.5,0.3,4.8,0.1,0.4,75,240,0.4,75,0.2,0.3,50,0.2,294,4.5,9060,9808,21832
27,3600,1.3755843714253513,4.528560211977612,0.21809397669120664,0.5393999138200497,556,4,0.2,50,1,0.2,1.8,0.5,0.3,4.8,0.1,0.4,75,240,0.4,75,0.2,0.3,50,0.2,294,4.5,11082,9272,22532
29,1800,1.1359153336360484,4.574474843804369,0.03413225554804891,0.29014194170249186,556,4,0.2,50,1,0.2,1.8,0.5,0.3,4.8,0.1,0.4,75,240,0.4,75,0.2,0.3,50,0.2,294,4.5,4306,5242,12780
29,2100,1.0954978687083263,5.909998054848873,0.01872753655358687,0.8313269021225362,556,4,0.2,50,1,0.2,1.8,0.5,0.3,4.8,0.1,0.4,75,240,0.4,75,0.2,0.3,50,0.2,294,4.5,5116,5968,13374
29,2400,1.415622492923186,4.51976162193767,0.17551682280980294,0.5097935277668381,556,4,0.2,50,1,0.2,1.8,0.5,0.3,4.8,0.1,0.4,75,240,0.4,75,0.2,0.3,50,0.2,294,4.5,5978,6838,15196
29,2700,1.2993180923557728,4.366829141243045,0.09537089090178377,0.3812409183138806,556,4,0.2,50,1,0.2,1.8,0.5,0.3,4.8,0.1,0.4,75,240,0.4,75,0.2,0.3,50,0.2,294,4.5,7044,8766,17696
29,3000,1.416870146158031,4.1962587912971685,0.05695471473768878,0.601504335932052,556,4,0.2,50,1,0.2,1.8,0.5,0.3,4.8,0.1,0.4,75,240,0.4,75,0.2,0.3,50,0.2,294,4.5,7522,9250,19082
29,3300,1.1800247969557034,4.430831125406519,0.07048250504853829,0.31878143751518745,556,4,0.2,50,1,0.2,1.8,0.5,0.3,4.8,0.1,0.4,75,240,0.4,75,0.2,0.3,50,0.2,294,4.5,8104,9806,20682
29,3600,1.3994263619184515,4.526528822540314,0.18983308331237064,0.451647293072615,556,4,0.2,50,1,0.2,1.8,0.5,0.3,4.8,0.1,0.4,75,240,0.4,75,0.2,0.3,50,0.2,294,4.5,8902,11020,22208
30,300,1.3060606187641166,4.71114270473946,0.13430345220864623,0.42893653511806773,556,4,0.2,50,1,0.2,1.8,0.5,0.3,4.8,0.1,0.4,75,240,0.4,75,0.2,0.3,50,0.2,294,4.5,560,588,1282
30,600,1.4662045800178085,4.133860405569086,0.031636335340510566,0.6440530711158347,556,4,0.2,50,1,0.2,1.8,0.5,0.3,4.8,0.1,0.4,75,240,0.4,75,0.2,0.3,50,0.2,294,4.5,1162,1154,2576
30,900,1.5922142263728873,3.7724168999327667,0.13786156986160752,0.660081836864739,556,4,0.2,50,1,0.2,1.8,0.5,0.3,4.8,0.1,0.4,75,240,0.4,75,0.2,0.3,50,0.2,294,4.5,1882,1560,4248
30,1200,1.3524088883431973,4.466845005116029,0.22121003639655742,0.5242915802911036,556,4,0.2,50,1,0.2,1.8,0.5,0.3,4.8,0.1,0.4,75,240,0.4,75,0.2,0.3,50,0.2,294,4.5,2536,2514,6168
30,1500,1.409123456062437,4.504002669571263,0.21581819999044924,0.6210035271503365,556,4,0.2,50,1,0.2,1.8,0.5,0.3,4.8,0.1,0.4,75,240,0.4,75,0.2,0.3,50,0.2,294,4.5,3690,3564,7546
30,1800,1.5360740994134856,4.778021659804361,0.16995623706167376,0.404171315208244,556,4,0.2,50,1,0.2,1.8,0.5,0.3,4.8,0.1,0.4,75,240,0.4,75,0.2,0.3,50,0.2,294,4.5,4302,4036,8566
30,2100,1.172526881205596,4.57513030290276,0.3612700172027111,0.21652543859170953,556,4,0.2,50,1,0.2,1.8,0.5,0.3,4.8,0.1,0.4,75,240,0.4,75,0.2,0.3,50,0.2,294,4.5,4600,4606,9558
30,2400,1.3953740749395207,4.567546222790797,0.18197376724843004,0.4716182799533764,556,4,0.2,50,1,0.2,1.8,0.5,0.3,4.8,0.1,0.4,75,240,0.4,75,0.2,0.3,50,0.2,294,4.5,5228,5400,11454
30,2700,1.509729248623593,4.432628842933185,0.08136097739054701,0.5490818639078884,556,4,0.2,50,1,0.2,1.8,0.5,0.3,4.8,0.1,0.4,75,240,0.4,75,0.2,0.3,50,0.2,294,4.5,6392,6750,13234
30,3000,1.4292216892336502,4.092362694313332,0.4048369943271796,0.2109241319985537,556,4,0.2,50,1,0.2,1.8,0.5,0.3,4.8,0.1,0.4,75,240,0.4,75,0.2,0.3,50,0.2,294,4.5,7386,7216,15116
30,3300,1.2099236146335,4.623936515402479,0.21197905651385648,0.5213830820663669,556,4,0.2,50,1,0.2,1.8,0.5,0.3,4.8,0.1,0.4,75,240,0.4,75,0.2,0.3,50,0.2,294,4.5,8564,7764,17154
30,3600,1.4342885310226063,4.5122345930956325,0.21752690872455016,0.5069411235455444,556,4,0.2,50,1,0.2,1.8,0.5,0.3,4.8,0.1,0.4,75,240,0.4,75,0.2,0.3,50,0.2,294,4.5,9932,8390,18992
