8,300,1.5908019581555122,5.2036055294662695,0.1806971677442887,0,174,4,0.2,15,1,0.3,1.8,0.5,0.3,4.8,0.1,0.3,18,720,0.4,18,0.2,0.3,15,0.2,326,4.5,0,0,2
5,300,1.317544737438445,4.820947180844925,0.00418764113077936,0,174,4,0.2,15,1,0.3,1.8,0.5,0.3,4.8,0.1,0.3,18,720,0.4,18,0.2,0.3,15,0.2,326,4.5,0,0,0
5,600,1.502938302083613,4.318275040565242,0.1544633990981481,0.10602788910392333,174,4,0.2,15,1,0.3,1.8,0.5,0.3,4.8,0.1,0.3,18,720,0.4,18,0.2,0.3,15,0.2,326,4.5,0,0,0
4,300,1.0347405762298854,5.002391167601486,0.24098146903061984,0.360467193095567,174,4,0.2,15,1,0.3,1.8,0.5,0.3,4.8,0.1,0.3,18,720,0.4,18,0.2,0.3,15,0.2,326,4.5,0,0,0
8,600,1.3901039976323646,4.144550808453466,0.033484576917319715,0.16636070167832612,174,4,0.2,15,1,0.3,1.8,0.5,0.3,4.8,0.1,0.3,18,720,0.4,18,0.2,0.3,15,0.2,326,4.5,0,0,2
4,600,1.4964791690650088,4.218078040167247,0.04340961943152224,0.38840086743429164,174,4,0.2,15,1,0.3,1.8,0.5,0.3,4.8,0.1,0.3,18,720,0.4,18,0.2,0.3,15,0.2,326,4.5,0,0,0
5,900,1.6232654312081312,3.788650020267936,0.11780992996378312,0.49993924203143936,174,4,0.2,15,1,0.3,1.8,0.5,0.3,4.8,0.1,0.3,18,720,0.4,18,0.2,0.3,15,0.2,326,4.5,0,18,34
4,900,1.0243053087004392,4.5008160260614245,0.17597645935420517,0.6567906944732945,174,4,0.2,15,1,0.3,1.8,0.5,0.3,4.8,0.1,0.3,18,720,0.4,18,0.2,0.3,15,0.2,326,4.5,128,20,24
5,1200,1.3242771355596925,4.724949733626547,0.1666579162867396,0.32546647822913166,174,4,0.2,15,1,0.3,1.8,0.5,0.3,4.8,0.1,0.3,18,720,0.4,18,0.2,0.3,15,0.2,326,4.5,0,18,34
8,900,1.1857235122607108,4.280000896544848,0.14905049671303613,0.21355444959765982,174,4,0.2,15,1,0.3,1.8,0.5,0.3,4.8,0.1,0.3,18,720,0.4,18,0.2,0.3,15,0.2,326,4.5,4,22,56
4,1200,1.8751404972210453,3.9822959346425404,0.5132933160130012,0.13525744973249723,174,4,0.2,15,1,0.3,1.8,0.5,0.3,4.8,0.1,0.3,18,720,0.4,18,0.2,0.3,15,0.2,326,4.5,128,142,26
5,1500,1.2316451039157394,4.018740072988191,0.1935337719555228,0.8915633028270882,174,4,0.2,15,1,0.3,1.8,0.5,0.3,4.8,0.1,0.3,18,720,0.4,18,0.2,0.3,15,0.2,326,4.5,4,30,74
8,1200,1.4657011482826434,4.85043469033789,0.09606601103640444,0.15827943199780417,174,4,0.2,15,1,0.3,1.8,0.5,0.3,4.8,0.1,0.3,18,720,0.4,18,0.2,0.3,15,0.2,326,4.5,4,22,56
5,1800,1.7817035688081042,4.096491686711861,0.18432357413353856,0.8423105949727187,174,4,0.2,15,1,0.3,1.8,0.5,0.3,4.8,0.1,0.3,18,720,0.4,18,0.2,0.3,15,0.2,326,4.5,4,30,74
4,1500,1.4664325596372132,4.53816393676161,0.2297984244122889,0.6175323675443999,174,4,0.2,15,1,0.3,1.8,0.5,0.3,4.8,0.1,0.3,18,720,0.4,18,0.2,0.3,15,0.2,326,4.5,140,178,84
5,2100,0.9017130052523383,5.005970583837372,0.2302534705113055,0.8423105949727187,174,4,0.2,15,1,0.3,1.8,0.5,0.3,4.8,0.1,0.3,18,720,0.4,18,0.2,0.3,15,0.2,326,4.5,4,30,74
8,1500,1.4312987173059575,4.394501035838953,0.029538219765880336,0.2778081470518175,174,4,0.2,15,1,0.3,1.8,0.5,0.3,4.8,0.1,0.3,18,720,0.4,18,0.2,0.3,15,0.2,326,4.5,6,36,88
4,1800,1.2859439563986874,3.6276882118652476,0.22575330590886894,0.02262418750355788,174,4,0.2,15,1,0.3,1.8,0.5,0.3,4.8,0.1,0.3,18,720,0.4,18,0.2,0.3,15,0.2,326,4.5,140,180,84
5,2400,0.9829866049738086,4.751115535965174,0.2561757683110978,0.7110322387641936,174,4,0.2,15,1,0.3,1.8,0.5,0.3,4.8,0.1,0.3,18,720,0.4,18,0.2,0.3,15,0.2,326,4.5,128,66,132
4,2100,1.1656066015082165,4.779662119291752,0.17640255614152636,0.43904583617982146,174,4,0.2,15,1,0.3,1.8,0.5,0.3,4.8,0.1,0.3,18,720,0.4,18,0.2,0.3,15,0.2,326,4.5,140,180,86
8,1800,1.7997034898642754,4.894744581893866,0.3893886139819319,0.12184966016820578,174,4,0.2,15,1,0.3,1.8,0.5,0.3,4.8,0.1,0.3,18,720,0.4,18,0.2,0.3,15,0.2,326,4.5,6,36,88
5,2700,1.4208500501383738,4.359451778175716,0.04074132595918156,0.6464913416653305,174,4,0.2,15,1,0.3,1.8,0.5,0.3,4.8,0.1,0.3,18,720,0.4,18,0.2,0.3,15,0.2,326,4.5,128,66,132
4,2400,1.4252510209789357,4.882641333341786,0.5856230111464383,0.5160104457456366,174,4,0.2,15,1,0.3,1.8,0.5,0.3,4.8,0.1,0.3,18,720,0.4,18,0.2,0.3,15,0.2,326,4.5,270,190,132
8,2100,1.3107781396812037,4.84302918544795,0.12532444196920214,0.5036040105812498,174,4,0.2,15,1,0.3,1.8,0.5,0.3,4.8,0.1,0.3,18,720,0.4,18,0.2,0.3,15,0.2,326,4.5,6,36,88
5,3000,1.3680587512550255,4.024005603762259,0.21542782122478452,0.2206269089633978,174,4,0.2,15,1,0.3,1.8,0.5,0.3,4.8,0.1,0.3,18,720,0.4,18,0.2,0.3,15,0.2,326,4.5,132,88,176
4,2700,1.3094891820650545,4.864985609360994,0.6015881167805662,0.5160104457456366,174,4,0.2,15,1,0.3,1.8,0.5,0.3,4.8,0.1,0.3,18,720,0.4,18,0.2,0.3,15,0.2,326,4.5,270,190,132
8,2400,1.5261388060108891,3.4246191447572096,0.10839775655019265,0.5837950210641419,174,4,0.2,15,1,0.3,1.8,0.5,0.3,4.8,0.1,0.3,18,720,0.4,18,0.2,0.3,15,0.2,326,4.5,268,534,380
5,3300,1.3796949221892287,4.45391264190572,0.38985615953877867,0.35325545979691403,174,4,0.2,15,1,0.3,1.8,0.5,0.3,4.8,0.1,0.3,18,720,0.4,18,0.2,0.3,15,0.2,326,4.5,132,88,176
4,3000,1.3949504593455366,4.181269076132909,0.13431535074873743,0.24978930465341348,174,4,0.2,15,1,0.3,1.8,0.5,0.3,4.8,0.1,0.3,18,720,0.4,18,0.2,0.3,15,0.2,326,4.5,276,224,158
5,3600,1.3892611494117368,4.2941970743362745,0.18868893147985338,0.4853126983248068,174,4,0.2,15,1,0.3,1.8,0.5,0.3,4.8,0.1,0.3,18,720,0.4,18,0.2,0.3,15,0.2,326,4.5,134,92,194
8,2700,1.627646662220642,4.614563963783065,0.057099445859425155,0.28127928374518063,174,4,0.2,15,1,0.3,1.8,0.5,0.3,4.8,0.1,0.3,18,720,0.4,18,0.2,0.3,15,0.2,326,4.5,268,534,380
4,3300,1.5329482306250335,4.209088019130465,0.24655786357244797,0.275993966687256,174,4,0.2,15,1,0.3,1.8,0.5,0.3,4.8,0.1,0.3,18,720,0.4,18,0.2,0.3,15,0.2,326,4.5,276,224,158
4,3600,1.3905297361699458,4.543730599116754,0.23607553657744018,0.4571544225111023,174,4,0.2,15,1,0.3,1.8,0.5,0.3,4.8,0.1,0.3,18,720,0.4,18,0.2,0.3,15,0.2,326,4.5,278,232,174
8,3000,1.777506425631258,3.96120801617414,0.10036389821251954,0.28158466309592917,174,4,0.2,15,1,0.3,1.8,0.5,0.3,4.8,0.1,0.3,18,720,0.4,18,0.2,0.3,15,0.2,326,4.5,420,596,626
8,3300,1.5065976340358869,4.314219526524379,0.1756625889798745,0.010152663553849403,174,4,0.2,15,1,0.3,1.8,0.5,0.3,4.8,0.1,0.3,18,720,0.4,18,0.2,0.3,15,0.2,326,4.5,420,596,626
8,3600,1.3869920114278362,4.5305760473877825,0.1651336487409344,0.5072510532271587,174,4,0.2,15,1,0.3,1.8,0.5,0.3,4.8,0.1,0.3,18,720,0.4,18,0.2,0.3,15,0.2,326,4.5,420,598,648
9,300,1.6989148942368413,4.14239882440982,0.42454323220074497,0,174,4,0.2,15,1,0.3,1.8,0.5,0.3,4.8,0.1,0.3,18,720,0.4,18,0.2,0.3,15,0.2,326,4.5,0,0,0
1,300,0.9776397361261426,4.521863837577399,0.10217338362771695,0.5468040321982044,174,4,0.2,15,1,0.3,1.8,0.5,0.3,4.8,0.1,0.3,18,720,0.4,18,0.2,0.3,15,0.2,326,4.5,0,0,0
9,600,1.3036777007319504,4.179564379295115,0.1924512047799163,0.9580855140314881,174,4,0.2,15,1,0.3,1.8,0.5,0.3,4.8,0.1,0.3,18,720,0.4,18,0.2,0.3,15,0.2,326,4.5,0,0,0
1,600,1.0857936194611681,4.26733598858336,0.2372479486366195,0.20188042539712225,174,4,0.2,15,1,0.3,1.8,0.5,0.3,4.8,0.1,0.3,18,720,0.4,18,0.2,0.3,15,0.2,326,4.5,0,2,0
10,300,1.5371992717123708,3.9358607682715196,0.021867322174828598,0.8099280586381618,174,4,0.2,15,1,0.3,1.8,0.5,0.3,4.8,0.1,0.3,18,720,0.4,18,0.2,0.3,15,0.2,326,4.5,0,0,0
9,900,1.538844551953771,4.465327778152671,0.15144391051230208,0.6714602004233305,174,4,0.2,15,1,0.3,1.8,0.5,0.3,4.8,0.1,0.3,18,720,0.4,18,0.2,0.3,15,0.2,326,4.5,8,84,36
10,600,1.5041238083879385,4.828143285023619,0.1363691410993582,0.4754958544423612,174,4,0.2,15,1,0.3,1.8,0.5,0.3,4.8,0.1,0.3,18,720,0.4,18,0.2,0.3,15,0.2,326,4.5,0,0,0
1,900,1.4589826660536487,3.853985327098749,0.20423559779090195,0.8616579701442896,174,4,0.2,15,1,0.3,1.8,0.5,0.3,4.8,0.1,0.3,18,720,0.4,18,0.2,0.3,15,0.2,326,4.5,10,16,178
9,1200,1.2805354712589831,4.149541227588769,0.381372917492295,0.40077414895840463,174,4,0.2,15,1,0.3,1.8,0.5,0.3,4.8,0.1,0.3,18,720,0.4,18,0.2,0.3,15,0.2,326,4.5,10,84,36
1,1200,1.4357403074985418,4.930920228223121,0.17152496259394076,1.1021726271473535,174,4,0.2,15,1,0.3,1.8,0.5,0.3,4.8,0.1,0.3,18,720,0.4,18,0.2,0.3,15,0.2,326,4.5,10,16,180
10,900,1.333505437617524,3.8247470090555957,0.18668098332849703,0.2642944861645571,174,4,0.2,15,1,0.3,1.8,0.5,0.3,4.8,0.1,0.3,18,720,0.4,18,0.2,0.3,15,0.2,326,4.5,8,18,144
6,300,1.3107674679844277,3.877794708151024,0.12403163671349274,0.046054017351563115,174,4,0.2,15,1,0.3,1.8,0.5,0.3,4.8,0.1,0.3,18,720,0.4,18,0.2,0.3,15,0.2,326,4.5,0,0,0
9,1500,1.443747697879931,4.456576852476759,0.25054670361125236,0.5784473288530705,174,4,0.2,15,1,0.3,1.8,0.5,0.3,4.8,0.1,0.3,18,720,0.4,18,0.2,0.3,15,0.2,326,4.5,20,104,88
6,600,1.775640530907963,3.625760428553823,0.0989442023796165,0.12192114458201074,174,4,0.2,15,1,0.3,1.8,0.5,0.3,4.8,0.1,0.3,18,720,0.4,18,0.2,0.3,15,0.2,326,4.5,0,0,0
1,1500,1.5975259016046763,5.160517112673949,0.07776744745008488,0.3595341916663123,174,4,0.2,15,1,0.3,1.8,0.5,0.3,4.8,0.1,0.3,18,720,0.4,18,0.2,0.3,15,0.2,326,4.5,10,30,326
9,1800,1.2600022286797106,4.654254328963972,0.16967096011018792,0.09757898090778461,174,4,0.2,15,1,0.3,1.8,0.5,0.3,4.8,0.1,0.3,18,720,0.4,18,0.2,0.3,15,0.2,326,4.5,20,104,92
6,900,1.5659138297027955,3.7911348527370374,0.06785984353934099,0.4550218070814565,174,4,0.2,15,1,0.3,1.8,0.5,0.3,4.8,0.1,0.3,18,720,0.4,18,0.2,0.3,15,0.2,326,4.5,250,16,168
1,1800,1.3832272168665944,3.1894205506605484,0.09563689351128422,0.39956781646375283,174,4,0.2,15,1,0.3,1.8,0.5,0.3,4.8,0.1,0.3,18,720,0.4,18,0.2,0.3,15,0.2,326,4.5,10,30,328
1,2100,1.3906852682461297,4.324792246527272,0.13359697425298897,0.899483225196481,174,4,0.2,15,1,0.3,1.8,0.5,0.3,4.8,0.1,0.3,18,720,0.4,18,0.2,0.3,15,0.2,326,4.5,10,30,328
6,1200,1.6331431425361838,4.59515662533898,0.004805526374827688,0.7624198551953756,174,4,0.2,15,1,0.3,1.8,0.5,0.3,4.8,0.1,0.3,18,720,0.4,18,0.2,0.3,15,0.2,326,4.5,250,16,168
10,1200,1.605708046781432,4.248164347104871,0.19666371448213157,0.6080440309615279,174,4,0.2,15,1,0.3,1.8,0.5,0.3,4.8,0.1,0.3,18,720,0.4,18,0.2,0.3,15,0.2,326,4.5,8,18,144
7,300,1.5139554548208793,4.306591103795714,0.5118048216357195,0.2128207642615754,174,4,0.2,15,1,0.3,1.8,0.5,0.3,4.8,0.1,0.3,18,720,0.4,18,0.2,0.3,15,0.2,326,4.5,0,2,0
1,2400,1.5506463637203682,5.235857540418185,0.12408230865259573,0.4849894164282016,174,4,0.2,15,1,0.3,1.8,0.5,0.3,4.8,0.1,0.3,18,720,0.4,18,0.2,0.3,15,0.2,326,4.5,26,54,386
6,1500,1.4391385922502078,4.421647940368921,0.23612735236309348,0.42097608796251434,174,4,0.2,15,1,0.3,1.8,0.5,0.3,4.8,0.1,0.3,18,720,0.4,18,0.2,0.3,15,0.2,326,4.5,264,26,238
7,600,1.5111470100777515,4.6967140649609505,0.03284453604824361,1.4618634941830977,174,4,0.2,15,1,0.3,1.8,0.5,0.3,4.8,0.1,0.3,18,720,0.4,18,0.2,0.3,15,0.2,326,4.5,0,2,0
6,1800,1.5243826154061468,3.389870483739333,0.1712090586462491,0.6470777829999104,174,4,0.2,15,1,0.3,1.8,0.5,0.3,4.8,0.1,0.3,18,720,0.4,18,0.2,0.3,15,0.2,326,4.5,264,26,240
9,2100,1.311693248703111,3.571815973767445,0.051586440713037016,0.5668723653001977,174,4,0.2,15,1,0.3,1.8,0.5,0.3,4.8,0.1,0.3,18,720,0.4,18,0.2,0.3,15,0.2,326,4.5,20,104,94
1,2700,1.1774096394381859,4.649638241100729,0.32160285919999193,0.24311634742092136,174,4,0.2,15,1,0.3,1.8,0.5,0.3,4.8,0.1,0.3,18,720,0.4,18,0.2,0.3,15,0.2,326,4.5,26,54,386
6,2100,1.5240451295626498,4.705129247079054,0.19601801175242545,0.09134907542659346,174,4,0.2,15,1,0.3,1.8,0.5,0.3,4.8,0.1,0.3,18,720,0.4,18,0.2,0.3,15,0.2,326,4.5,264,26,244
7,900,0.9374316178338752,5.226332159116202,0.3672214110503737,1.0537563469066882,174,4,0.2,15,1,0.3,1.8,0.5,0.3,4.8,0.1,0.3,18,720,0.4,18,0.2,0.3,15,0.2,326,4.5,12,20,48
6,2400,1.2910539034355735,4.1298409419101265,0.04298421209823796,0.33637857656584724,174,4,0.2,15,1,0.3,1.8,0.5,0.3,4.8,0.1,0.3,18,720,0.4,18,0.2,0.3,15,0.2,326,4.5,274,44,314
7,1200,1.5130133010242448,3.701366080451729,0.0857178717605422,0.1192743972716045,174,4,0.2,15,1,0.3,1.8,0.5,0.3,4.8,0.1,0.3,18,720,0.4,18,0.2,0.3,15,0.2,326,4.5,12,20,48
6,2700,1.3799899586671636,5.0859795224332025,0.11788375154475524,0.1385296607765309,174,4,0.2,15,1,0.3,1.8,0.5,0.3,4.8,0.1,0.3,18,720,0.4,18,0.2,0.3,15,0.2,326,4.5,274,44,314
9,2400,1.1929683704963154,4.269165168562247,0.0288779228035319,0.4574120096746261,174,4,0.2,15,1,0.3,1.8,0.5,0.3,4.8,0.1,0.3,18,720,0.4,18,0.2,0.3,15,0.2,326,4.5,34,122,142
7,1500,1.3783274101897243,4.636948991688942,0.10032214116390221,0.10452531738725811,174,4,0.2,15,1,0.3,1.8,0.5,0.3,4.8,0.1,0.3,18,720,0.4,18,0.2,0.3,15,0.2,326,4.5,16,42,102
6,3000,1.3801510258056784,5.325687348475629,0.11075999838824976,0.01165664867440555,174,4,0.2,15,1,0.3,1.8,0.5,0.3,4.8,0.1,0.3,18,720,0.4,18,0.2,0.3,15,0.2,326,4.5,280,66,356
10,1500,1.2636113468904868,3.5363136291089456,0.12477628856130214,0.4805500809872889,174,4,0.2,15,1,0.3,1.8,0.5,0.3,4.8,0.1,0.3,18,720,0.4,18,0.2,0.3,15,0.2,326,4.5,116,34,198
1,3000,1.3601529719230783,5.232087749486387,0.1126710109788619,0.5504046520555521,174,4,0.2,15,1,0.3,1.8,0.5,0.3,4.8,0.1,0.3,18,720,0.4,18,0.2,0.3,15,0.2,326,4.5,92,72,442
6,3300,1.3490674984427922,3.347720683786754,0.2537534756187105,0.010837716314770358,174,4,0.2,15,1,0.3,1.8,0.5,0.3,4.8,0.1,0.3,18,720,0.4,18,0.2,0.3,15,0.2,326,4.5,280,66,356
9,2700,1.467614411411112,4.04875005573369,0.09433416141826015,0.7234764867927866,174,4,0.2,15,1,0.3,1.8,0.5,0.3,4.8,0.1,0.3,18,720,0.4,18,0.2,0.3,15,0.2,326,4.5,34,122,142
7,1800,1.3076450604915546,4.669260960780635,0.04406322359070975,0.2978274219951925,174,4,0.2,15,1,0.3,1.8,0.5,0.3,4.8,0.1,0.3,18,720,0.4,18,0.2,0.3,15,0.2,326,4.5,16,42,104
6,3600,1.470759813411614,4.434294316285548,0.22250124025444043,0.4288940173014945,174,4,0.2,15,1,0.3,1.8,0.5,0.3,4.8,0.1,0.3,18,720,0.4,18,0.2,0.3,15,0.2,326,4.5,280,80,378
7,2100,1.9526770165603176,5.370319751954818,0.7319999658459396,0.1556855109199379,174,4,0.2,15,1,0.3,1.8,0.5,0.3,4.8,0.1,0.3,18,720,0.4,18,0.2,0.3,15,0.2,326,4.5,16,44,106
9,3000,1.2915654389086844,5.421690924447821,0.00498955408030306,0.5331727376646535,174,4,0.2,15,1,0.3,1.8,0.5,0.3,4.8,0.1,0.3,18,720,0.4,18,0.2,0.3,15,0.2,326,4.5,42,374,592
1,3300,1.1646575745799046,5.022507706992684,0.03160590940830814,0.4184912838899871,174,4,0.2,15,1,0.3,1.8,0.5,0.3,4.8,0.1,0.3,18,720,0.4,18,0.2,0.3,15,0.2,326,4.5,94,72,442
9,3300,1.5297535520982586,3.7508421436127595,0.15690315813302003,0.7428621502860596,174,4,0.2,15,1,0.3,1.8,0.5,0.3,4.8,0.1,0.3,18,720,0.4,18,0.2,0.3,15,0.2,326,4.5,42,374,592
10,1800,1.2499367744026837,4.105112256219857,0.09850162607509043,0.06981002326513074,174,4,0.2,15,1,0.3,1.8,0.5,0.3,4.8,0.1,0.3,18,720,0.4,18,0.2,0.3,15,0.2,326,4.5,134,34,198
7,2400,1.3984220128158733,4.264285754033329,0.13435393971709317,0.19306759139899318,174,4,0.2,15,1,0.3,1.8,0.5,0.3,4.8,0.1,0.3,18,720,0.4,18,0.2,0.3,15,0.2,326,4.5,148,62,296
9,3600,1.4038775196164384,4.5695792743665065,0.14809116877025005,0.5123407728110063,174,4,0.2,15,1,0.3,1.8,0.5,0.3,4.8,0.1,0.3,18,720,0.4,18,0.2,0.3,15,0.2,326,4.5,42,374,608
1,3600,1.3377952557323358,4.473539185632539,0.2559591375303305,0.49450819429432075,174,4,0.2,15,1,0.3,1.8,0.5,0.3,4.8,0.1,0.3,18,720,0.4,18,0.2,0.3,15,0.2,326,4.5,96,76,454
10,2100,1.887516127580665,4.122527037272096,0.04411927667512811,0.6428669197405869,174,4,0.2,15,1,0.3,1.8,0.5,0.3,4.8,0.1,0.3,18,720,0.4,18,0.2,0.3,15,0.2,326,4.5,134,34,198
7,2700,1.5053302098558337,5.472346335007627,0.16004653075944614,0.09241165101728076,174,4,0.2,15,1,0.3,1.8,0.5,0.3,4.8,0.1,0.3,18,720,0.4,18,0.2,0.3,15,0.2,326,4.5,148,62,296
7,3000,1.0254104063564862,4.430903321632137,0.09711543121385031,0.551603125612052,174,4,0.2,15,1,0.3,1.8,0.5,0.3,4.8,0.1,0.3,18,720,0.4,18,0.2,0.3,15,0.2,326,4.5,154,72,328
7,3300,1.336343460076303,3.9620994254665454,0.2463933804363929,0.14183638698316378,174,4,0.2,15,1,0.3,1.8,0.5,0.3,4.8,0.1,0.3,18,720,0.4,18,0.2,0.3,15,0.2,326,4.5,154,72,328
2,300,1.8335860389531684,4.22781450980878,0.20579924994984597,0,174,4,0.2,15,1,0.3,1.8,0.5,0.3,4.8,0.1,0.3,18,720,0.4,18,0.2,0.3,15,0.2,326,4.5,0,0,0
7,3600,1.3334277830840242,4.481914067962533,0.16638746762135287,0.4897705515449638,174,4,0.2,15,1,0.3,1.8,0.5,0.3,4.8,0.1,0.3,18,720,0.4,18,0.2,0.3,15,0.2,326,4.5,158,80,338
10,2400,1.1841114147625953,4.180997233657371,0.006192737587325862,0.04989382034120059,174,4,0.2,15,1,0.3,1.8,0.5,0.3,4.8,0.1,0.3,18,720,0.4,18,0.2,0.3,15,0.2,326,4.5,270,40,362
2,600,1.220939720607921,4.812560033400905,0.2150959605775573,0.49494728026459356,174,4,0.2,15,1,0.3,1.8,0.5,0.3,4.8,0.1,0.3,18,720,0.4,18,0.2,0.3,15,0.2,326,4.5,0,0,0
10,2700,1.5437880935613575,4.708365545535538,0.2280046162514854,0.04989382034120059,174,4,0.2,15,1,0.3,1.8,0.5,0.3,4.8,0.1,0.3,18,720,0.4,18,0.2,0.3,15,0.2,326,4.5,270,40,362
2,900,1.494287262306312,5.0046836973231095,0.11818099896414558,0.4766153185936402,174,4,0.2,15,1,0.3,1.8,0.5,0.3,4.8,0.1,0.3,18,720,0.4,18,0.2,0.3,15,0.2,326,4.5,28,8,38
2,1200,1.459948617181261,5.2669086131672875,0.22537833080321493,0.4766153185936402,174,4,0.2,15,1,0.3,1.8,0.5,0.3,4.8,0.1,0.3,18,720,0.4,18,0.2,0.3,15,0.2,326,4.5,28,8,38
10,3000,1.4454851125753458,5.256567463414106,0.1791994636218303,0.11309857690732578,174,4,0.2,15,1,0.3,1.8,0.5,0.3,4.8,0.1,0.3,18,720,0.4,18,0.2,0.3,15,0.2,326,4.5,276,74,436
2,1500,1.4200380768420577,4.3185075519084055,0.10806744259035195,0.6794687655842538,174,4,0.2,15,1,0.3,1.8,0.5,0.3,4.8,0.1,0.3,18,720,0.4,18,0.2,0.3,15,0.2,326,4.5,36,24,78
10,3300,1.6616160444102617,5.29100795743992,0.03707428718891266,0.30194715516332343,174,4,0.2,15,1,0.3,1.8,0.5,0.3,4.8,0.1,0.3,18,720,0.4,18,0.2,0.3,15,0.2,326,4.5,276,76,436
2,1800,1.4905845422182011,4.491199595627207,0.24044925367365766,0.043870850584259775,174,4,0.2,15,1,0.3,1.8,0.5,0.3,4.8,0.1,0.3,18,720,0.4,18,0.2,0.3,15,0.2,326,4.5,36,24,202
2,2100,1.1416669341655705,4.328280907540763,0.25620073303397367,0.09322293572658645,174,4,0.2,15,1,0.3,1.8,0.5,0.3,4.8,0.1,0.3,18,720,0.4,18,0.2,0.3,15,0.2,326,4.5,36,24,204
10,3600,1.4389010077047941,4.630905234121546,0.1765577614401048,0.5985770229404863,174,4,0.2,15,1,0.3,1.8,0.5,0.3,4.8,0.1,0.3,18,720,0.4,18,0.2,0.3,15,0.2,326,4.5,288,80,446
2,2400,1.7082841252187164,4.598302600651771,0.2642096786499783,0.15303837311746096,174,4,0.2,15,1,0.3,1.8,0.5,0.3,4.8,0.1,0.3,18,720,0.4,18,0.2,0.3,15,0.2,326,4.5,160,40,376
2,2700,1.4862299595066941,4.830056325898027,0.14181058506985433,0.03275872464843529,174,4,0.2,15,1,0.3,1.8,0.5,0.3,4.8,0.1,0.3,18,720,0.4,18,0.2,0.3,15,0.2,326,4.5,160,40,376
2,3000,1.4600148342246575,3.912493848113859,0.25446349164326976,0.2174205948028619,174,4,0.2,15,1,0.3,1.8,0.5,0.3,4.8,0.1,0.3,18,720,0.4,18,0.2,0.3,15,0.2,326,4.5,166,58,400
2,3300,1.305331075345391,3.9590980664398696,0.04099668053387589,0.16902714699200547,174,4,0.2,15,1,0.3,1.8,0.5,0.3,4.8,0.1,0.3,18,720,0.4,18,0.2,0.3,15,0.2,326,4.5,166,58,402
2,3600,1.3153852954560032,4.543747480925505,0.19693833356297893,0.553216849401992,174,4,0.2,15,1,0.3,1.8,0.5,0.3,4.8,0.1,0.3,18,720,0.4,18,0.2,0.3,15,0.2,326,4.5,168,64,426
3,300,1.533198943264929,4.7535657165290415,0.11213340888617104,0.3767348646915225,174,4,0.2,15,1,0.3,1.8,0.5,0.3,4.8,0.1,0.3,18,720,0.4,18,0.2,0.3,15,0.2,326,4.5,0,0,2
3,600,1.4098880017895306,5.369388603821361,0.06974062423957868,1.090801301402114,174,4,0.2,15,1,0.3,1.8,0.5,0.3,4.8,0.1,0.3,18,720,0.4,18,0.2,0.3,15,0.2,326,4.5,44,0,82
3,900,1.5155504435701643,5.560501990236294,0.13905790740485552,0.3578208043097157,174,4,0.2,15,1,0.3,1.8,0.5,0.3,4.8,0.1,0.3,18,720,0.4,18,0.2,0.3,15,0.2,326,4.5,56,20,272
3,1200,1.380495908269841,4.042802885361033,0.2549978041040547,0.13232859589792464,174,4,0.2,15,1,0.3,1.8,0.5,0.3,4.8,0.1,0.3,18,720,0.4,18,0.2,0.3,15,0.2,326,4.5,56,20,272
3,1500,1.3092842100347961,4.513646801498466,0.32899940836249764,0.3725670895507711,174,4,0.2,15,1,0.3,1.8,0.5,0.3,4.8,0.1,0.3,18,720,0.4,18,0.2,0.3,15,0.2,326,4.5,62,44,338
3,1800,1.4949259668152277,3.9281818932175265,0.07324565827990105,1.1593197469475636,174,4,0.2,15,1,0.3,1.8,0.5,0.3,4.8,0.1,0.3,18,720,0.4,18,0.2,0.3,15,0.2,326,4.5,62,44,338
3,2100,1.3136013244649667,3.8417528323537273,0.11407787153233383,0.37196315551043185,174,4,0.2,15,1,0.3,1.8,0.5,0.3,4.8,0.1,0.3,18,720,0.4,18,0.2,0.3,15,0.2,326,4.5,62,44,338
3,2400,1.386379532926102,4.512799598552766,0.037693308032667176,0.7341725126127108,174,4,0.2,15,1,0.3,1.8,0.5,0.3,4.8,0.1,0.3,18,720,0.4,18,0.2,0.3,15,0.2,326,4.5,68,72,388
3,2700,1.1522130335817846,4.8876109827240075,0.2382372625640903,0.40751729145475873,174,4,0.2,15,1,0.3,1.8,0.5,0.3,4.8,0.1,0.3,18,720,0.4,18,0.2,0.3,15,0.2,326,4.5,68,74,388
3,3000,1.5422108637893175,4.670635219495379,0.2346981938148052,0.07955450034602835,174,4,0.2,15,1,0.3,1.8,0.5,0.3,4.8,0.1,0.3,18,720,0.4,18,0.2,0.3,15,0.2,326,4.5,196,98,428
3,3300,1.3802224470377353,4.083249274021344,0.08494414859758743,0.07955450034602835,174,4,0.2,15,1,0.3,1.8,0.5,0.3,4.8,0.1,0.3,18,720,0.4,18,0.2,0.3,15,0.2,326,4.5,196,98,428
3,3600,1.3255291210562172,4.459216391477664,0.16175612486037952,0.5021040445017919,174,4,0.2,15,1,0.3,1.8,0.5,0.3,4.8,0.1,0.3,18,720,0.4,18,0.2,0.3,15,0.2,326,4.5,204,110,448
13,300,1.3437099442526508,3.7330197599328505,0.07376369628146158,0.19319918425066737,174,4,0.2,15,1,0.3,1.8,0.5,0.3,4.8,0.1,0.3,18,720,0.4,18,0.2,0.3,15,0.2,326,4.5,0,0,0
13,600,1.112043087178514,5.224808212629334,0.34096289186830103,0.6527731111853894,174,4,0.2,15,1,0.3,1.8,0.5,0.3,4.8,0.1,0.3,18,720,0.4,18,0.2,0.3,15,0.2,326,4.5,2,0,0
11,300,1.5657907444003822,4.03966219376661,0.04962895509376085,0.6545200086183228,174,4,0.2,15,1,0.3,1.8,0.5,0.3,4.8,0.1,0.3,18,720,0.4,18,0.2,0.3,15,0.2,326,4.5,2,0,0
13,900,1.5043030211912967,3.9495479767551447,0.2488374614393476,0.3173859405987082,174,4,0.2,15,1,0.3,1.8,0.5,0.3,4.8,0.1,0.3,18,720,0.4,18,0.2,0.3,15,0.2,326,4.5,134,20,44
11,600,1.5923436577621237,4.199477251687557,0.2551759894151643,0.04653139793554607,174,4,0.2,15,1,0.3,1.8,0.5,0.3,4.8,0.1,0.3,18,720,0.4,18,0.2,0.3,15,0.2,326,4.5,2,0,0
13,1200,0.9670020255898244,4.138763199396335,0.2522058093459698,0.1103390337878764,174,4,0.2,15,1,0.3,1.8,0.5,0.3,4.8,0.1,0.3,18,720,0.4,18,0.2,0.3,15,0.2,326,4.5,134,20,44
11,900,1.4359996103349804,4.986326951765557,0.13660595613163543,0.18263037235069146,174,4,0.2,15,1,0.3,1.8,0.5,0.3,4.8,0.1,0.3,18,720,0.4,18,0.2,0.3,15,0.2,326,4.5,134,22,58
13,1500,1.2798529177568354,4.602996206234831,0.11991376976568917,0.5808884434935512,174,4,0.2,15,1,0.3,1.8,0.5,0.3,4.8,0.1,0.3,18,720,0.4,18,0.2,0.3,15,0.2,326,4.5,142,40,310
11,1200,1.4606184296147553,4.31949760098225,0.10307302509318896,0.5589946546278722,174,4,0.2,15,1,0.3,1.8,0.5,0.3,4.8,0.1,0.3,18,720,0.4,18,0.2,0.3,15,0.2,326,4.5,134,22,58
13,1800,1.5687985939170668,4.395884815175055,0.1580854716735611,0.6607882446482038,174,4,0.2,15,1,0.3,1.8,0.5,0.3,4.8,0.1,0.3,18,720,0.4,18,0.2,0.3,15,0.2,326,4.5,142,40,436
11,1500,1.583214740493764,4.732508536144309,0.25422579495987047,0.12390689454318918,174,4,0.2,15,1,0.3,1.8,0.5,0.3,4.8,0.1,0.3,18,720,0.4,18,0.2,0.3,15,0.2,326,4.5,250,40,102
11,1800,1.535829449848526,4.5762958711834045,0.13956874800352484,0.6000865343044277,174,4,0.2,15,1,0.3,1.8,0.5,0.3,4.8,0.1,0.3,18,720,0.4,18,0.2,0.3,15,0.2,326,4.5,266,40,102
13,2100,1.2924464761851864,4.417706887105343,0.10424058498436549,0.08200707476175662,174,4,0.2,15,1,0.3,1.8,0.5,0.3,4.8,0.1,0.3,18,720,0.4,18,0.2,0.3,15,0.2,326,4.5,142,40,436
11,2100,1.3618258138854107,5.235867324479527,0.17586519501707065,0.5606742217811589,174,4,0.2,15,1,0.3,1.8,0.5,0.3,4.8,0.1,0.3,18,720,0.4,18,0.2,0.3,15,0.2,326,4.5,266,40,102
13,2400,1.4151679038773914,4.927152837800495,0.361860324554256,0.0647685166956112,174,4,0.2,15,1,0.3,1.8,0.5,0.3,4.8,0.1,0.3,18,720,0.4,18,0.2,0.3,15,0.2,326,4.5,154,54,932
13,2700,1.350846307302679,4.464027250519547,0.32204490488083615,0.03694375376227094,174,4,0.2,15,1,0.3,1.8,0.5,0.3,4.8,0.1,0.3,18,720,0.4,18,0.2,0.3,15,0.2,326,4.5,154,54,932
11,2400,1.5501866577188497,4.425842921894763,0.1733988376322345,0.05278676829410439,174,4,0.2,15,1,0.3,1.8,0.5,0.3,4.8,0.1,0.3,18,720,0.4,18,0.2,0.3,15,0.2,326,4.5,278,64,172
11,2700,1.4768772987965773,5.007049140587553,0.3164059366095131,0.9753960644174481,174,4,0.2,15,1,0.3,1.8,0.5,0.3,4.8,0.1,0.3,18,720,0.4,18,0.2,0.3,15,0.2,326,4.5,278,64,174
13,3000,1.216114406754626,4.439607952025664,0.09389412175107073,0.44254646011384396,174,4,0.2,15,1,0.3,1.8,0.5,0.3,4.8,0.1,0.3,18,720,0.4,18,0.2,0.3,15,0.2,326,4.5,176,326,1138
13,3300,1.544276604645664,3.952899191845976,0.05482951425288879,0.30803508763776216,174,4,0.2,15,1,0.3,1.8,0.5,0.3,4.8,0.1,0.3,18,720,0.4,18,0.2,0.3,15,0.2,326,4.5,176,326,1140
13,3600,1.4030006625405018,4.648269049830897,0.20682900642093635,0.5771138247916124,174,4,0.2,15,1,0.3,1.8,0.5,0.3,4.8,0.1,0.3,18,720,0.4,18,0.2,0.3,15,0.2,326,4.5,182,336,1160
11,3000,1.5755636987821373,4.946929675849972,0.3211495844077007,0.2693327869040495,174,4,0.2,15,1,0.3,1.8,0.5,0.3,4.8,0.1,0.3,18,720,0.4,18,0.2,0.3,15,0.2,326,4.5,292,78,302
11,3300,1.2112690141361764,4.092088243760161,0.052121460205554124,0.20429482624830891,174,4,0.2,15,1,0.3,1.8,0.5,0.3,4.8,0.1,0.3,18,720,0.4,18,0.2,0.3,15,0.2,326,4.5,292,78,302
11,3600,1.4662194642403785,4.441419707067438,0.1606307389641504,0.5687020658264291,174,4,0.2,15,1,0.3,1.8,0.5,0.3,4.8,0.1,0.3,18,720,0.4,18,0.2,0.3,15,0.2,326,4.5,292,88,308
12,300,1.4117398619284771,4.622337386252089,0.08782361967123789,0.695328946375756,174,4,0.2,15,1,0.3,1.8,0.5,0.3,4.8,0.1,0.3,18,720,0.4,18,0.2,0.3,15,0.2,326,4.5,0,0,0
12,600,1.3188684561917599,5.475713343581884,0.006761558065355566,0.6989876604911387,174,4,0.2,15,1,0.3,1.8,0.5,0.3,4.8,0.1,0.3,18,720,0.4,18,0.2,0.3,15,0.2,326,4.5,0,0,0
12,900,1.1908337357804604,5.138847243923026,0.11910863290173397,0.16447312362808675,174,4,0.2,15,1,0.3,1.8,0.5,0.3,4.8,0.1,0.3,18,720,0.4,18,0.2,0.3,15,0.2,326,4.5,6,18,56
12,1200,1.4697014110961624,3.807876446854002,0.10248186847261519,0.5212162020451403,174,4,0.2,15,1,0.3,1.8,0.5,0.3,4.8,0.1,0.3,18,720,0.4,18,0.2,0.3,15,0.2,326,4.5,6,18,60
12,1500,1.3616192842207218,4.217800935815401,0.21904510867455734,0.28423252760277684,174,4,0.2,15,1,0.3,1.8,0.5,0.3,4.8,0.1,0.3,18,720,0.4,18,0.2,0.3,15,0.2,326,4.5,8,42,100
12,1800,1.153328009773215,5.213609437690797,0.40955034448440036,0.28423252760277684,174,4,0.2,15,1,0.3,1.8,0.5,0.3,4.8,0.1,0.3,18,720,0.4,18,0.2,0.3,15,0.2,326,4.5,8,42,100
12,2100,1.3136765961100607,4.732519664583414,0.1700745950690823,0.6803487439950809,174,4,0.2,15,1,0.3,1.8,0.5,0.3,4.8,0.1,0.3,18,720,0.4,18,0.2,0.3,15,0.2,326,4.5,8,42,102
12,2400,1.6383404330380555,3.998036637285758,0.227919304838403,0.4073972663209538,174,4,0.2,15,1,0.3,1.8,0.5,0.3,4.8,0.1,0.3,18,720,0.4,18,0.2,0.3,15,0.2,326,4.5,138,168,264
12,2700,1.2011517824480986,5.854524518434265,0.06158759207217544,0.2812413832191492,174,4,0.2,15,1,0.3,1.8,0.5,0.3,4.8,0.1,0.3,18,720,0.4,18,0.2,0.3,15,0.2,326,4.5,138,168,264
16,300,1.269937903184831,4.491092872087812,0.06777394522274043,0.6249692997424073,174,4,0.2,15,1,0.3,1.8,0.5,0.3,4.8,0.1,0.3,18,720,0.4,18,0.2,0.3,15,0.2,326,4.5,0,0,2
12,3000,1.4861096652327603,4.481347975431763,0.08930138268933906,0.09842848818369973,174,4,0.2,15,1,0.3,1.8,0.5,0.3,4.8,0.1,0.3,18,720,0.4,18,0.2,0.3,15,0.2,326,4.5,142,186,430
16,600,1.6168603670641464,5.285630419791133,0.31632868185158697,0.6993479676604153,174,4,0.2,15,1,0.3,1.8,0.5,0.3,4.8,0.1,0.3,18,720,0.4,18,0.2,0.3,15,0.2,326,4.5,0,0,2
12,3300,1.6723517932819008,5.122349168449601,0.15546612684801142,0.17049611737066747,174,4,0.2,15,1,0.3,1.8,0.5,0.3,4.8,0.1,0.3,18,720,0.4,18,0.2,0.3,15,0.2,326,4.5,142,186,430
15,300,1.208559311800356,4.588218399670336,0.14666003948326223,0.10766631080619062,174,4,0.2,15,1,0.3,1.8,0.5,0.3,4.8,0.1,0.3,18,720,0.4,18,0.2,0.3,15,0.2,326,4.5,0,0,0
12,3600,1.3510441178079593,4.549693013435343,0.15430441128949707,0.4455484014313075,174,4,0.2,15,1,0.3,1.8,0.5,0.3,4.8,0.1,0.3,18,720,0.4,18,0.2,0.3,15,0.2,326,4.5,142,192,454
16,900,1.200841520129219,3.7373749540986845,0.1018375554326433,0.44681520313850276,174,4,0.2,15,1,0.3,1.8,0.5,0.3,4.8,0.1,0.3,18,720,0.4,18,0.2,0.3,15,0.2,326,4.5,12,10,34
15,600,1.6167954310429484,3.5575203606234957,0.01627363501288984,0.7586834000396807,174,4,0.2,15,1,0.3,1.8,0.5,0.3,4.8,0.1,0.3,18,720,0.4,18,0.2,0.3,15,0.2,326,4.5,0,0,0
16,1200,1.2017315188517395,4.082540023901903,0.0255410937331014,0.04122748306961949,174,4,0.2,15,1,0.3,1.8,0.5,0.3,4.8,0.1,0.3,18,720,0.4,18,0.2,0.3,15,0.2,326,4.5,12,10,34
14,300,1.1131907161332117,5.037224855616195,0.049472069247533175,0.6550426241751786,174,4,0.2,15,1,0.3,1.8,0.5,0.3,4.8,0.1,0.3,18,720,0.4,18,0.2,0.3,15,0.2,326,4.5,0,0,0
14,600,1.5199531185974826,4.156386357565021,0.32652424480811854,0.004039433200667583,174,4,0.2,15,1,0.3,1.8,0.5,0.3,4.8,0.1,0.3,18,720,0.4,18,0.2,0.3,15,0.2,326,4.5,0,0,0
15,900,1.400896181179907,4.19532084274789,0.026943970944971255,0.20919867949549978,174,4,0.2,15,1,0.3,1.8,0.5,0.3,4.8,0.1,0.3,18,720,0.4,18,0.2,0.3,15,0.2,326,4.5,6,14,164
16,1500,1.4755117322652807,4.367750986188498,0.017936168721193045,0.5254054353232647,174,4,0.2,15,1,0.3,1.8,0.5,0.3,4.8,0.1,0.3,18,720,0.4,18,0.2,0.3,15,0.2,326,4.5,16,38,78
14,900,1.4161522127074442,4.602367196115481,0.3913061005637203,0.26286515465506005,174,4,0.2,15,1,0.3,1.8,0.5,0.3,4.8,0.1,0.3,18,720,0.4,18,0.2,0.3,15,0.2,326,4.5,2,4,312
15,1200,1.390121154191049,4.972855582158858,0.11222765733295716,0.685868063508878,174,4,0.2,15,1,0.3,1.8,0.5,0.3,4.8,0.1,0.3,18,720,0.4,18,0.2,0.3,15,0.2,326,4.5,6,14,164
16,1800,1.1839478482762662,4.118083114790893,0.3044997928510368,0.7170720978350771,174,4,0.2,15,1,0.3,1.8,0.5,0.3,4.8,0.1,0.3,18,720,0.4,18,0.2,0.3,15,0.2,326,4.5,16,40,78
14,1200,1.2613065272829056,3.929774884261241,0.2793125831428146,0.7895281220925814,174,4,0.2,15,1,0.3,1.8,0.5,0.3,4.8,0.1,0.3,18,720,0.4,18,0.2,0.3,15,0.2,326,4.5,2,4,328
15,1500,1.4925416098646918,5.130990554002968,0.40352330666332653,0.5221036817331245,174,4,0.2,15,1,0.3,1.8,0.5,0.3,4.8,0.1,0.3,18,720,0.4,18,0.2,0.3,15,0.2,326,4.5,10,38,212
16,2100,1.1785481414462995,3.818935839218623,0.36683269271528224,0.4186613179684379,174,4,0.2,15,1,0.3,1.8,0.5,0.3,4.8,0.1,0.3,18,720,0.4,18,0.2,0.3,15,0.2,326,4.5,16,40,78
14,1500,1.2984397449185177,4.5562713154140155,0.04711402254661245,0.6856634980840653,174,4,0.2,15,1,0.3,1.8,0.5,0.3,4.8,0.1,0.3,18,720,0.4,18,0.2,0.3,15,0.2,326,4.5,8,66,380
14,1800,1.4394319337487484,4.568469155902308,0.11346695998026504,0.2912977898115435,174,4,0.2,15,1,0.3,1.8,0.5,0.3,4.8,0.1,0.3,18,720,0.4,18,0.2,0.3,15,0.2,326,4.5,8,68,380
15,1800,1.5860917349369679,4.1237058225344825,0.12758493925577724,0.22139082983526576,174,4,0.2,15,1,0.3,1.8,0.5,0.3,4.8,0.1,0.3,18,720,0.4,18,0.2,0.3,15,0.2,326,4.5,10,38,212
14,2100,1.5013737857326035,4.626107349271578,0.09662568819121663,0.09555341019731402,174,4,0.2,15,1,0.3,1.8,0.5,0.3,4.8,0.1,0.3,18,720,0.4,18,0.2,0.3,15,0.2,326,4.5,8,68,380
17,300,0.9740474091120435,4.952995338683297,0.379117400263263,0.6172201026748201,174,4,0.2,15,1,0.3,1.8,0.5,0.3,4.8,0.1,0.3,18,720,0.4,18,0.2,0.3,15,0.2,326,4.5,0,0,0
16,2400,1.2763739748232976,4.485836522938931,0.3777753899120274,0.4378141839325749,174,4,0.2,15,1,0.3,1.8,0.5,0.3,4.8,0.1,0.3,18,720,0.4,18,0.2,0.3,15,0.2,326,4.5,28,62,136
17,600,1.3534298349805631,4.149673082678105,0.06961083786286677,0.30481175445882525,174,4,0.2,15,1,0.3,1.8,0.5,0.3,4.8,0.1,0.3,18,720,0.4,18,0.2,0.3,15,0.2,326,4.5,0,2,2
14,2400,1.393751044182604,4.648690387940094,0.01696913115678426,0.22512105094132726,174,4,0.2,15,1,0.3,1.8,0.5,0.3,4.8,0.1,0.3,18,720,0.4,18,0.2,0.3,15,0.2,326,4.5,12,92,420
15,2100,1.4976476585777758,4.320567482719692,0.010071133718625745,0.35203361327903865,174,4,0.2,15,1,0.3,1.8,0.5,0.3,4.8,0.1,0.3,18,720,0.4,18,0.2,0.3,15,0.2,326,4.5,10,38,212
17,900,1.3842357931894334,4.691995394954878,0.03150860728007148,0.8877566068911802,174,4,0.2,15,1,0.3,1.8,0.5,0.3,4.8,0.1,0.3,18,720,0.4,18,0.2,0.3,15,0.2,326,4.5,4,16,26
14,2700,1.3524233739322074,4.316860131297408,0.2696183521974791,0.680527192374834,174,4,0.2,15,1,0.3,1.8,0.5,0.3,4.8,0.1,0.3,18,720,0.4,18,0.2,0.3,15,0.2,326,4.5,12,92,420
17,1200,1.2553300757562862,4.434388134681743,0.09933556093923963,0.2867585260335037,174,4,0.2,15,1,0.3,1.8,0.5,0.3,4.8,0.1,0.3,18,720,0.4,18,0.2,0.3,15,0.2,326,4.5,4,16,26
14,3000,1.0497357842817476,4.269852072741277,0.04506331721095322,0.6920450824443889,174,4,0.2,15,1,0.3,1.8,0.5,0.3,4.8,0.1,0.3,18,720,0.4,18,0.2,0.3,15,0.2,326,4.5,22,122,498
15,2400,1.4323576837570813,4.898521417719342,0.044532368790215576,0.8248373023113735,174,4,0.2,15,1,0.3,1.8,0.5,0.3,4.8,0.1,0.3,18,720,0.4,18,0.2,0.3,15,0.2,326,4.5,12,52,266
16,2700,1.822376530796437,4.70438665435211,0.026208074395602975,0.601222576310457,174,4,0.2,15,1,0.3,1.8,0.5,0.3,4.8,0.1,0.3,18,720,0.4,18,0.2,0.3,15,0.2,326,4.5,30,62,138
18,300,0.9266188398904964,3.3171658317108577,0.18969410002386616,0.4041578213887785,174,4,0.2,15,1,0.3,1.8,0.5,0.3,4.8,0.1,0.3,18,720,0.4,18,0.2,0.3,15,0.2,326,4.5,0,0,0
14,3300,1.69910956441782,3.834204957837014,0.097703802177325,0.4455522482345012,174,4,0.2,15,1,0.3,1.8,0.5,0.3,4.8,0.1,0.3,18,720,0.4,18,0.2,0.3,15,0.2,326,4.5,22,122,498
17,1500,1.3501525783461377,4.4550965943306045,0.25550034692437096,0.5281183312500884,174,4,0.2,15,1,0.3,1.8,0.5,0.3,4.8,0.1,0.3,18,720,0.4,18,0.2,0.3,15,0.2,326,4.5,126,22,60
14,3600,1.3195005532517263,4.451135522634423,0.26551687133705587,0.5366903940264289,174,4,0.2,15,1,0.3,1.8,0.5,0.3,4.8,0.1,0.3,18,720,0.4,18,0.2,0.3,15,0.2,326,4.5,24,126,502
15,2700,1.4138752094738938,4.789854997845755,0.3521661496994405,0.22798732450606668,174,4,0.2,15,1,0.3,1.8,0.5,0.3,4.8,0.1,0.3,18,720,0.4,18,0.2,0.3,15,0.2,326,4.5,14,52,268
17,1800,1.2957638038083874,3.4555898855255616,0.0591007916617021,0.5935543418016322,174,4,0.2,15,1,0.3,1.8,0.5,0.3,4.8,0.1,0.3,18,720,0.4,18,0.2,0.3,15,0.2,326,4.5,130,22,60
18,600,1.4046878504304494,3.823162884528867,0.1365666915233598,0.6324143662507848,174,4,0.2,15,1,0.3,1.8,0.5,0.3,4.8,0.1,0.3,18,720,0.4,18,0.2,0.3,15,0.2,326,4.5,0,0,0
16,3000,1.472238876436389,3.82744927312821,0.04257546121565945,0.5430188404123713,174,4,0.2,15,1,0.3,1.8,0.5,0.3,4.8,0.1,0.3,18,720,0.4,18,0.2,0.3,15,0.2,326,4.5,30,76,288
17,2100,1.2267166667713405,4.136961521796266,0.20326524521730374,0.030900294314353535,174,4,0.2,15,1,0.3,1.8,0.5,0.3,4.8,0.1,0.3,18,720,0.4,18,0.2,0.3,15,0.2,326,4.5,130,22,60
17,2400,1.2902092361270703,4.417137965859431,0.26268320928543337,0.2597644426624716,174,4,0.2,15,1,0.3,1.8,0.5,0.3,4.8,0.1,0.3,18,720,0.4,18,0.2,0.3,15,0.2,326,4.5,148,42,252
16,3300,1.151202482872448,4.990084845523825,0.09842039283621364,0.764156508776137,174,4,0.2,15,1,0.3,1.8,0.5,0.3,4.8,0.1,0.3,18,720,0.4,18,0.2,0.3,15,0.2,326,4.5,30,76,288
15,3000,1.1032787960844894,4.5869876052820695,0.1649488818454994,0.4837105802502849,174,4,0.2,15,1,0.3,1.8,0.5,0.3,4.8,0.1,0.3,18,720,0.4,18,0.2,0.3,15,0.2,326,4.5,148,80,446
18,900,1.232270816561978,4.724593141318947,0.24942211347435725,0.3563408490068224,174,4,0.2,15,1,0.3,1.8,0.5,0.3,4.8,0.1,0.3,18,720,0.4,18,0.2,0.3,15,0.2,326,4.5,10,20,36
17,2700,1.5036768014978186,3.7624694838277892,0.09263013846897183,0.30666075209375065,174,4,0.2,15,1,0.3,1.8,0.5,0.3,4.8,0.1,0.3,18,720,0.4,18,0.2,0.3,15,0.2,326,4.5,148,42,356
15,3300,1.529592386437598,5.016936424696544,0.1917920513311169,0.3607814268745802,174,4,0.2,15,1,0.3,1.8,0.5,0.3,4.8,0.1,0.3,18,720,0.4,18,0.2,0.3,15,0.2,326,4.5,148,80,446
16,3600,1.4184148104451786,4.367508975124847,0.19339666726326393,0.4382811095399884,174,4,0.2,15,1,0.3,1.8,0.5,0.3,4.8,0.1,0.3,18,720,0.4,18,0.2,0.3,15,0.2,326,4.5,32,82,298
18,1200,1.23154256217006,4.678133318314156,0.18709053185014196,0.3563408490068224,174,4,0.2,15,1,0.3,1.8,0.5,0.3,4.8,0.1,0.3,18,720,0.4,18,0.2,0.3,15,0.2,326,4.5,10,20,38
17,3000,1.4503724186175284,4.142616127042081,0.1722142787599817,0.38010431999039584,174,4,0.2,15,1,0.3,1.8,0.5,0.3,4.8,0.1,0.3,18,720,0.4,18,0.2,0.3,15,0.2,326,4.5,156,54,392
15,3600,1.4306846528344415,4.705050164041064,0.23555361813641074,0.3772552617058667,174,4,0.2,15,1,0.3,1.8,0.5,0.3,4.8,0.1,0.3,18,720,0.4,18,0.2,0.3,15,0.2,326,4.5,150,102,462
17,3300,1.1502285986855103,4.109584058927434,0.059543630047993366,1.2001242280635365,174,4,0.2,15,1,0.3,1.8,0.5,0.3,4.8,0.1,0.3,18,720,0.4,18,0.2,0.3,15,0.2,326,4.5,156,54,392
17,3600,1.3954400952694217,4.597888045907951,0.20051371691836908,0.5291301374532578,174,4,0.2,15,1,0.3,1.8,0.5,0.3,4.8,0.1,0.3,18,720,0.4,18,0.2,0.3,15,0.2,326,4.5,160,64,412
18,1500,1.3835423713005426,4.6166048697683415,0.4329903730705367,0.27387866915113923,174,4,0.2,15,1,0.3,1.8,0.5,0.3,4.8,0.1,0.3,18,720,0.4,18,0.2,0.3,15,0.2,326,4.5,18,44,80
18,1800,1.5139863839742602,5.236958258471366,0.09893529566463774,0.08368229921663198,174,4,0.2,15,1,0.3,1.8,0.5,0.3,4.8,0.1,0.3,18,720,0.4,18,0.2,0.3,15,0.2,326,4.5,20,44,80
18,2100,1.3412932535137607,4.051289119744294,0.11690106681507915,0.14322869007469755,174,4,0.2,15,1,0.3,1.8,0.5,0.3,4.8,0.1,0.3,18,720,0.4,18,0.2,0.3,15,0.2,326,4.5,20,44,82
18,2400,0.7410675782727689,4.207366034359215,0.04616967334112174,0.0018209148742429316,174,4,0.2,15,1,0.3,1.8,0.5,0.3,4.8,0.1,0.3,18,720,0.4,18,0.2,0.3,15,0.2,326,4.5,28,60,128
18,2700,1.5344392843723171,4.1408945362990375,0.11564583077111995,0.4800509831699099,174,4,0.2,15,1,0.3,1.8,0.5,0.3,4.8,0.1,0.3,18,720,0.4,18,0.2,0.3,15,0.2,326,4.5,28,60,128
18,3000,1.19800336257294,4.896843608155983,0.1530175245177142,0.14790145758899184,174,4,0.2,15,1,0.3,1.8,0.5,0.3,4.8,0.1,0.3,18,720,0.4,18,0.2,0.3,15,0.2,326,4.5,40,84,176
18,3300,1.29884587538127,4.476341223694081,0.17941596898480713,0.14790145758899184,174,4,0.2,15,1,0.3,1.8,0.5,0.3,4.8,0.1,0.3,18,720,0.4,18,0.2,0.3,15,0.2,326,4.5,40,84,176
18,3600,1.3896623148088014,4.467393745305753,0.20626431016731175,0.46892471371787603,174,4,0.2,15,1,0.3,1.8,0.5,0.3,4.8,0.1,0.3,18,720,0.4,18,0.2,0.3,15,0.2,326,4.5,40,88,190
19,300,1.1496160032970135,4.177591446044927,0.09278483177430535,0,174,4,0.2,15,1,0.3,1.8,0.5,0.3,4.8,0.1,0.3,18,720,0.4,18,0.2,0.3,15,0.2,326,4.5,0,0,0
19,600,1.6679170811769677,3.942547137654108,0.4192556647828245,0.23895896049296897,174,4,0.2,15,1,0.3,1.8,0.5,0.3,4.8,0.1,0.3,18,720,0.4,18,0.2,0.3,15,0.2,326,4.5,0,0,2
19,900,1.6764464685873184,4.641390059552015,0.28202149942262705,0.5560772744273452,174,4,0.2,15,1,0.3,1.8,0.5,0.3,4.8,0.1,0.3,18,720,0.4,18,0.2,0.3,15,0.2,326,4.5,2,18,32
19,1200,1.296539476388994,3.3777116801055307,0.04908644003412156,0.7142167352917347,174,4,0.2,15,1,0.3,1.8,0.5,0.3,4.8,0.1,0.3,18,720,0.4,18,0.2,0.3,15,0.2,326,4.5,2,18,32
19,1500,1.4261732932878015,4.535153391168677,0.10717442620146053,0.4174185590027485,174,4,0.2,15,1,0.3,1.8,0.5,0.3,4.8,0.1,0.3,18,720,0.4,18,0.2,0.3,15,0.2,326,4.5,8,44,100
19,1800,1.4797077560550482,4.7086191838829725,0.37129246697678175,0.8177769956081806,174,4,0.2,15,1,0.3,1.8,0.5,0.3,4.8,0.1,0.3,18,720,0.4,18,0.2,0.3,15,0.2,326,4.5,8,52,100
19,2100,1.4834241738747158,5.202240418758834,0.0010420510158406387,0.1242199347522261,174,4,0.2,15,1,0.3,1.8,0.5,0.3,4.8,0.1,0.3,18,720,0.4,18,0.2,0.3,15,0.2,326,4.5,8,52,106
19,2400,1.2948711489517917,4.420995733053518,0.2094903668334179,0.4872338807111489,174,4,0.2,15,1,0.3,1.8,0.5,0.3,4.8,0.1,0.3,18,720,0.4,18,0.2,0.3,15,0.2,326,4.5,18,72,180
19,2700,1.3417299088079495,4.488259048449676,0.17497864622886325,0.4872338807111489,174,4,0.2,15,1,0.3,1.8,0.5,0.3,4.8,0.1,0.3,18,720,0.4,18,0.2,0.3,15,0.2,326,4.5,18,72,180
19,3000,1.0697970649704556,4.794595948455191,0.20248764110044332,0.6151242676746423,174,4,0.2,15,1,0.3,1.8,0.5,0.3,4.8,0.1,0.3,18,720,0.4,18,0.2,0.3,15,0.2,326,4.5,146,98,238
19,3300,1.5407323889503095,4.373047303041564,0.05032445740978796,0.6151242676746423,174,4,0.2,15,1,0.3,1.8,0.5,0.3,4.8,0.1,0.3,18,720,0.4,18,0.2,0.3,15,0.2,326,4.5,146,98,238
19,3600,1.344424192838719,4.555105805392764,0.20849928850866753,0.4176387713969671,174,4,0.2,15,1,0.3,1.8,0.5,0.3,4.8,0.1,0.3,18,720,0.4,18,0.2,0.3,15,0.2,326,4.5,148,102,262
20,300,1.3605804878112728,5.01698514500744,0.08983464228303147,0,174,4,0.2,15,1,0.3,1.8,0.5,0.3,4.8,0.1,0.3,18,720,0.4,18,0.2,0.3,15,0.2,326,4.5,0,0,0
20,600,1.4865604565298425,4.867698149489212,0.08399896844755095,0,174,4,0.2,15,1,0.3,1.8,0.5,0.3,4.8,0.1,0.3,18,720,0.4,18,0.2,0.3,15,0.2,326,4.5,0,0,0
20,900,1.6304465655008205,3.872498434126507,0.09785953094989024,0.4529683761878511,174,4,0.2,15,1,0.3,1.8,0.5,0.3,4.8,0.1,0.3,18,720,0.4,18,0.2,0.3,15,0.2,326,4.5,6,20,40
20,1200,1.7189870447642612,4.50755437099249,0.06470460006401689,0.26175309250831424,174,4,0.2,15,1,0.3,1.8,0.5,0.3,4.8,0.1,0.3,18,720,0.4,18,0.2,0.3,15,0.2,326,4.5,6,20,40
20,1500,1.5066754757844905,4.295422296103167,0.09187697173185529,0.49252691125864567,174,4,0.2,15,1,0.3,1.8,0.5,0.3,4.8,0.1,0.3,18,720,0.4,18,0.2,0.3,15,0.2,326,4.5,10,38,80
20,1800,1.0941157443709915,3.619028822551009,0.2954144445553238,0.13297349137057624,174,4,0.2,15,1,0.3,1.8,0.5,0.3,4.8,0.1,0.3,18,720,0.4,18,0.2,0.3,15,0.2,326,4.5,10,38,82
20,2100,1.3536283686348687,4.758938460205461,0.06527672032202055,0.6892265487310846,174,4,0.2,15,1,0.3,1.8,0.5,0.3,4.8,0.1,0.3,18,720,0.4,18,0.2,0.3,15,0.2,326,4.5,10,38,82
20,2400,1.3274881708996735,4.756705028162925,0.09181421183040679,0.14606841014585525,174,4,0.2,15,1,0.3,1.8,0.5,0.3,4.8,0.1,0.3,18,720,0.4,18,0.2,0.3,15,0.2,326,4.5,14,68,130
20,2700,1.8145751263195353,5.6175192414888695,0.13267724997848784,0.09943099519101184,174,4,0.2,15,1,0.3,1.8,0.5,0.3,4.8,0.1,0.3,18,720,0.4,18,0.2,0.3,15,0.2,326,4.5,14,68,132
20,3000,1.2357750576621627,4.587465616509737,0.18959951849988707,0.1152101030744895,174,4,0.2,15,1,0.3,1.8,0.5,0.3,4.8,0.1,0.3,18,720,0.4,18,0.2,0.3,15,0.2,326,4.5,18,100,178
20,3300,1.7564871010884018,5.138938998345572,0.09752346638031638,0.7766571709125661,174,4,0.2,15,1,0.3,1.8,0.5,0.3,4.8,0.1,0.3,18,720,0.4,18,0.2,0.3,15,0.2,326,4.5,18,102,178
20,3600,1.4388699241109173,4.627986631226375,0.17131480052121717,0.4609491515668146,174,4,0.2,15,1,0.3,1.8,0.5,0.3,4.8,0.1,0.3,18,720,0.4,18,0.2,0.3,15,0.2,326,4.5,20,104,198
21,300,1.2321014779560322,5.524658162628046,0.29580265699670805,0.6601003668211981,174,4,0.2,15,1,0.3,1.8,0.5,0.3,4.8,0.1,0.3,18,720,0.4,18,0.2,0.3,15,0.2,326,4.5,0,0,0
22,300,1.2996704059168482,5.541084899671883,0.3973331460897204,0.1489850715112973,174,4,0.2,15,1,0.3,1.8,0.5,0.3,4.8,0.1,0.3,18,720,0.4,18,0.2,0.3,15,0.2,326,4.5,0,0,0
21,600,1.255055941122225,3.8286597762009076,0.12933091620211704,0.03628693835810685,174,4,0.2,15,1,0.3,1.8,0.5,0.3,4.8,0.1,0.3,18,720,0.4,18,0.2,0.3,15,0.2,326,4.5,0,0,0
22,600,1.394707841507266,4.355927630439021,0.3973331460897204,0.495019936936165,174,4,0.2,15,1,0.3,1.8,0.5,0.3,4.8,0.1,0.3,18,720,0.4,18,0.2,0.3,15,0.2,326,4.5,0,0,0
21,900,1.4481840870528548,4.68865727477532,0.3379838841993123,0.5422184720184858,174,4,0.2,15,1,0.3,1.8,0.5,0.3,4.8,0.1,0.3,18,720,0.4,18,0.2,0.3,15,0.2,326,4.5,4,26,278
21,1200,1.3769374333245397,4.296582708696764,0.20878382438194876,0.08523197205965193,174,4,0.2,15,1,0.3,1.8,0.5,0.3,4.8,0.1,0.3,18,720,0.4,18,0.2,0.3,15,0.2,326,4.5,4,26,278
22,900,1.651748613063174,4.04293503694045,0.03984682321481088,0.7759773046760856,174,4,0.2,15,1,0.3,1.8,0.5,0.3,4.8,0.1,0.3,18,720,0.4,18,0.2,0.3,15,0.2,326,4.5,20,18,52
22,1200,1.309547638398524,4.129802611376208,0.06810972663090788,0.5504734308581597,174,4,0.2,15,1,0.3,1.8,0.5,0.3,4.8,0.1,0.3,18,720,0.4,18,0.2,0.3,15,0.2,326,4.5,20,18,52
21,1500,1.5235105234957245,4.6834843397577535,0.03773595477005285,0.31374504527915775,174,4,0.2,15,1,0.3,1.8,0.5,0.3,4.8,0.1,0.3,18,720,0.4,18,0.2,0.3,15,0.2,326,4.5,8,44,312
22,1500,1.3218783892367014,4.300560474037927,0.03821093109383989,0.6998210245841522,174,4,0.2,15,1,0.3,1.8,0.5,0.3,4.8,0.1,0.3,18,720,0.4,18,0.2,0.3,15,0.2,326,4.5,26,30,110
21,1800,1.0522306122465377,4.9493250562308155,0.1475726022092228,0.9345873538083447,174,4,0.2,15,1,0.3,1.8,0.5,0.3,4.8,0.1,0.3,18,720,0.4,18,0.2,0.3,15,0.2,326,4.5,8,44,312
22,1800,1.1649475981655297,4.084607531892509,0.09037502118245577,0.11722399282465656,174,4,0.2,15,1,0.3,1.8,0.5,0.3,4.8,0.1,0.3,18,720,0.4,18,0.2,0.3,15,0.2,326,4.5,26,30,110
21,2100,1.4213778802708432,4.8306130430854894,0.10198575542479263,0.5201813612283714,174,4,0.2,15,1,0.3,1.8,0.5,0.3,4.8,0.1,0.3,18,720,0.4,18,0.2,0.3,15,0.2,326,4.5,8,44,312
22,2100,1.3177315876107472,4.964935951259717,0.10228240484808485,0.11722399282465656,174,4,0.2,15,1,0.3,1.8,0.5,0.3,4.8,0.1,0.3,18,720,0.4,18,0.2,0.3,15,0.2,326,4.5,26,30,110
21,2400,1.333421758147111,5.131563807343463,0.3426155745922457,0.29453970742443353,174,4,0.2,15,1,0.3,1.8,0.5,0.3,4.8,0.1,0.3,18,720,0.4,18,0.2,0.3,15,0.2,326,4.5,14,62,370
22,2400,1.484024088353883,4.110001835629528,0.19506470032379167,0.5824147487377864,174,4,0.2,15,1,0.3,1.8,0.5,0.3,4.8,0.1,0.3,18,720,0.4,18,0.2,0.3,15,0.2,326,4.5,34,292,286
22,2700,0.8095689358606686,3.5726857341010816,0.41911841190797045,0.33982745105227086,174,4,0.2,15,1,0.3,1.8,0.5,0.3,4.8,0.1,0.3,18,720,0.4,18,0.2,0.3,15,0.2,326,4.5,34,292,286
21,2700,1.4322166046709033,4.342386482992629,0.19595963420888354,0.7241695880995803,174,4,0.2,15,1,0.3,1.8,0.5,0.3,4.8,0.1,0.3,18,720,0.4,18,0.2,0.3,15,0.2,326,4.5,14,62,374
22,3000,1.5225838704127934,4.315222016567099,0.2267965511346022,0.2709399827284867,174,4,0.2,15,1,0.3,1.8,0.5,0.3,4.8,0.1,0.3,18,720,0.4,18,0.2,0.3,15,0.2,326,4.5,42,308,350
22,3300,1.3119113990164586,5.060086194748925,0.001987366162449168,0.2709399827284867,174,4,0.2,15,1,0.3,1.8,0.5,0.3,4.8,0.1,0.3,18,720,0.4,18,0.2,0.3,15,0.2,326,4.5,42,308,350
21,3000,1.5481523445862897,4.449409216497187,0.1363737309119808,0.20810661140817124,174,4,0.2,15,1,0.3,1.8,0.5,0.3,4.8,0.1,0.3,18,720,0.4,18,0.2,0.3,15,0.2,326,4.5,14,80,408
22,3600,1.3608120441317426,4.329218750655767,0.1534839869529597,0.5192485591532947,174,4,0.2,15,1,0.3,1.8,0.5,0.3,4.8,0.1,0.3,18,720,0.4,18,0.2,0.3,15,0.2,326,4.5,48,316,366
21,3300,1.1555295993223402,5.010098815388401,0.14437067436084053,1.1637922348572094,174,4,0.2,15,1,0.3,1.8,0.5,0.3,4.8,0.1,0.3,18,720,0.4,18,0.2,0.3,15,0.2,326,4.5,14,100,410
21,3600,1.4093159982886185,4.359274297418322,0.19329166393234354,0.43281063271595693,174,4,0.2,15,1,0.3,1.8,0.5,0.3,4.8,0.1,0.3,18,720,0.4,18,0.2,0.3,15,0.2,326,4.5,18,112,428
23,300,1.3737606776279916,5.1518938973453485,0.15848532152724903,0.17434300987754134,174,4,0.2,15,1,0.3,1.8,0.5,0.3,4.8,0.1,0.3,18,720,0.4,18,0.2,0.3,15,0.2,326,4.5,0,0,0
23,600,1.5492112677863163,4.072643832833091,0.014512835468687582,0.18404765480289684,174,4,0.2,15,1,0.3,1.8,0.5,0.3,4.8,0.1,0.3,18,720,0.4,18,0.2,0.3,15,0.2,326,4.5,0,2,0
23,900,1.4904127407272147,5.298501435843976,0.04816836285259116,0.7763291769861951,174,4,0.2,15,1,0.3,1.8,0.5,0.3,4.8,0.1,0.3,18,720,0.4,18,0.2,0.3,15,0.2,326,4.5,0,14,54
23,1200,0.9498204830539917,3.7152133305313915,0.44583722660939334,0.01852930714383279,174,4,0.2,15,1,0.3,1.8,0.5,0.3,4.8,0.1,0.3,18,720,0.4,18,0.2,0.3,15,0.2,326,4.5,0,14,56
23,1500,1.0034087257134403,4.3181273473778665,0.12592718246999896,0.5595434287647311,174,4,0.2,15,1,0.3,1.8,0.5,0.3,4.8,0.1,0.3,18,720,0.4,18,0.2,0.3,15,0.2,326,4.5,6,30,100
23,1800,1.2967907279140705,4.709815564540199,0.036342494992112874,0.2541152006472679,174,4,0.2,15,1,0.3,1.8,0.5,0.3,4.8,0.1,0.3,18,720,0.4,18,0.2,0.3,15,0.2,326,4.5,6,30,100
23,2100,1.4399894860718303,3.8254693249198883,0.05567867778218313,1.1840166109425492,174,4,0.2,15,1,0.3,1.8,0.5,0.3,4.8,0.1,0.3,18,720,0.4,18,0.2,0.3,15,0.2,326,4.5,6,30,100
23,2400,1.3101755392027803,4.885881728112061,0.1445646392403751,0.21945373988150638,174,4,0.2,15,1,0.3,1.8,0.5,0.3,4.8,0.1,0.3,18,720,0.4,18,0.2,0.3,15,0.2,326,4.5,12,50,164
23,2700,1.3642299276684462,4.766550530519131,0.14801482764664528,0.026779679278096456,174,4,0.2,15,1,0.3,1.8,0.5,0.3,4.8,0.1,0.3,18,720,0.4,18,0.2,0.3,15,0.2,326,4.5,12,52,164
23,3000,1.5208327681102396,4.940689972802282,0.3222014609433662,0.08764454713997474,174,4,0.2,15,1,0.3,1.8,0.5,0.3,4.8,0.1,0.3,18,720,0.4,18,0.2,0.3,15,0.2,326,4.5,26,74,192
23,3300,1.54372902721454,3.8933045254063163,0.034077686902033805,0.3728237516020105,174,4,0.2,15,1,0.3,1.8,0.5,0.3,4.8,0.1,0.3,18,720,0.4,18,0.2,0.3,15,0.2,326,4.5,26,74,192
25,300,1.3110455852881893,5.296586318007934,0.052728865173655104,0.41181999985112955,174,4,0.2,15,1,0.3,1.8,0.5,0.3,4.8,0.1,0.3,18,720,0.4,18,0.2,0.3,15,0.2,326,4.5,0,0,0
23,3600,1.4241949596107975,4.509834869489526,0.21562728375856988,0.5178155894450159,174,4,0.2,15,1,0.3,1.8,0.5,0.3,4.8,0.1,0.3,18,720,0.4,18,0.2,0.3,15,0.2,326,4.5,28,74,208
25,600,1.3017864113147795,5.3109124358381266,0.2745981221662913,0.1852784302841677,174,4,0.2,15,1,0.3,1.8,0.5,0.3,4.8,0.1,0.3,18,720,0.4,18,0.2,0.3,15,0.2,326,4.5,0,0,0
26,300,1.1967089638569122,5.014154602419689,0.12434725622150716,0.22415213012614713,174,4,0.2,15,1,0.3,1.8,0.5,0.3,4.8,0.1,0.3,18,720,0.4,18,0.2,0.3,15,0.2,326,4.5,0,0,6
24,300,1.5076154175535592,5.054404532054456,0.040156469500714366,0.09500328635341583,174,4,0.2,15,1,0.3,1.8,0.5,0.3,4.8,0.1,0.3,18,720,0.4,18,0.2,0.3,15,0.2,326,4.5,0,0,0
25,900,1.3457528627230309,4.510922040535251,0.07976771686444803,0.4813460307034026,174,4,0.2,15,1,0.3,1.8,0.5,0.3,4.8,0.1,0.3,18,720,0.4,18,0.2,0.3,15,0.2,326,4.5,6,10,58
26,600,1.1711322287770893,4.352241620436442,0.25735066741852364,0.7749394938170258,174,4,0.2,15,1,0.3,1.8,0.5,0.3,4.8,0.1,0.3,18,720,0.4,18,0.2,0.3,15,0.2,326,4.5,0,0,8
24,600,1.350209036979067,4.059813275141588,0.11447942955362474,0.07397303012612252,174,4,0.2,15,1,0.3,1.8,0.5,0.3,4.8,0.1,0.3,18,720,0.4,18,0.2,0.3,15,0.2,326,4.5,0,0,2
27,300,1.656941342261447,4.8588427929333236,0.020358200876003856,0.4267451190833945,174,4,0.2,15,1,0.3,1.8,0.5,0.3,4.8,0.1,0.3,18,720,0.4,18,0.2,0.3,15,0.2,326,4.5,0,0,0
26,900,1.4303634503300122,4.949286404787484,0.012091322726609167,0.6641212170581937,174,4,0.2,15,1,0.3,1.8,0.5,0.3,4.8,0.1,0.3,18,720,0.4,18,0.2,0.3,15,0.2,326,4.5,128,24,58
25,1200,1.3726651015938507,4.090299688348335,0.04785120188965255,0.13753493175629616,174,4,0.2,15,1,0.3,1.8,0.5,0.3,4.8,0.1,0.3,18,720,0.4,18,0.2,0.3,15,0.2,326,4.5,6,10,58
27,600,1.0365892723650791,5.174329575021644,0.24046947468726554,0.4267451190833945,174,4,0.2,15,1,0.3,1.8,0.5,0.3,4.8,0.1,0.3,18,720,0.4,18,0.2,0.3,15,0.2,326,4.5,0,0,0
24,900,1.325921649855041,3.6775754759012313,0.14593364723832314,0.5642015443495052,174,4,0.2,15,1,0.3,1.8,0.5,0.3,4.8,0.1,0.3,18,720,0.4,18,0.2,0.3,15,0.2,326,4.5,6,132,42
24,1200,1.4859519560652839,4.87667281602743,0.3659867547606722,0.12643263132289645,174,4,0.2,15,1,0.3,1.8,0.5,0.3,4.8,0.1,0.3,18,720,0.4,18,0.2,0.3,15,0.2,326,4.5,6,132,42
26,1200,1.3429157662498732,4.295558331046208,0.02138746356419984,0.07708005435545498,174,4,0.2,15,1,0.3,1.8,0.5,0.3,4.8,0.1,0.3,18,720,0.4,18,0.2,0.3,15,0.2,326,4.5,128,24,58
25,1500,1.3218252532041679,3.9774931144431354,0.1225700101207735,0.5610607387573266,174,4,0.2,15,1,0.3,1.8,0.5,0.3,4.8,0.1,0.3,18,720,0.4,18,0.2,0.3,15,0.2,326,4.5,24,62,222
27,900,1.0451636829466022,4.397146708446918,0.4415527909812299,0.9815823125436605,174,4,0.2,15,1,0.3,1.8,0.5,0.3,4.8,0.1,0.3,18,720,0.4,18,0.2,0.3,15,0.2,326,4.5,14,156,68
24,1500,1.3989974743805877,4.806645466491794,0.11392375917746536,0.6881356647769452,174,4,0.2,15,1,0.3,1.8,0.5,0.3,4.8,0.1,0.3,18,720,0.4,18,0.2,0.3,15,0.2,326,4.5,10,150,120
26,1500,1.370550557348503,4.862430912755861,0.19590822152517964,0.38507168098833205,174,4,0.2,15,1,0.3,1.8,0.5,0.3,4.8,0.1,0.3,18,720,0.4,18,0.2,0.3,15,0.2,326,4.5,254,164,100
27,1200,1.7198013071263616,4.410879469770426,3.2211651656178304E-4,0.36965739301035055,174,4,0.2,15,1,0.3,1.8,0.5,0.3,4.8,0.1,0.3,18,720,0.4,18,0.2,0.3,15,0.2,326,4.5,16,156,68
24,1800,1.522672145530495,5.041857274309778,0.05138934375084481,0.07606043815692214,174,4,0.2,15,1,0.3,1.8,0.5,0.3,4.8,0.1,0.3,18,720,0.4,18,0.2,0.3,15,0.2,326,4.5,10,152,122
26,1800,1.3802238802550928,3.5867706842588523,0.03714375458971089,0.42876110495419467,174,4,0.2,15,1,0.3,1.8,0.5,0.3,4.8,0.1,0.3,18,720,0.4,18,0.2,0.3,15,0.2,326,4.5,258,164,100
27,1500,1.759211103492172,4.620616433617218,0.36194196058274986,0.7202968145039721,174,4,0.2,15,1,0.3,1.8,0.5,0.3,4.8,0.1,0.3,18,720,0.4,18,0.2,0.3,15,0.2,326,4.5,138,164,212
24,2100,1.4381408575375134,3.975485941136541,0.06974704938151692,0.07606043815692214,174,4,0.2,15,1,0.3,1.8,0.5,0.3,4.8,0.1,0.3,18,720,0.4,18,0.2,0.3,15,0.2,326,4.5,10,154,122
25,1800,1.3722556488666866,4.150558497278775,0.23595125105715303,0.27765100656132136,174,4,0.2,15,1,0.3,1.8,0.5,0.3,4.8,0.1,0.3,18,720,0.4,18,0.2,0.3,15,0.2,326,4.5,24,66,222
25,2100,1.293372558538121,5.474306300439945,0.06028569667954947,1.0389263638992448,174,4,0.2,15,1,0.3,1.8,0.5,0.3,4.8,0.1,0.3,18,720,0.4,18,0.2,0.3,15,0.2,326,4.5,24,66,222
26,2100,1.2859163052886446,3.21514357420914,0.03811232870715491,0.21137044897775345,174,4,0.2,15,1,0.3,1.8,0.5,0.3,4.8,0.1,0.3,18,720,0.4,18,0.2,0.3,15,0.2,326,4.5,258,164,100
24,2400,1.3560045087398467,4.169557420849459,0.1420510860413097,0.2549157663333444,174,4,0.2,15,1,0.3,1.8,0.5,0.3,4.8,0.1,0.3,18,720,0.4,18,0.2,0.3,15,0.2,326,4.5,136,176,166
27,1800,1.2599341107391138,5.281016218289049,0.21289933362114688,0.5791849025242338,174,4,0.2,15,1,0.3,1.8,0.5,0.3,4.8,0.1,0.3,18,720,0.4,18,0.2,0.3,15,0.2,326,4.5,144,166,214
25,2400,1.2459978330700572,4.84589020681802,0.11410601659493974,0.5046754594018419,174,4,0.2,15,1,0.3,1.8,0.5,0.3,4.8,0.1,0.3,18,720,0.4,18,0.2,0.3,15,0.2,326,4.5,28,98,294
27,2100,1.0992699650255502,4.655901824899994,0.13167250863342678,0.23149555100592345,174,4,0.2,15,1,0.3,1.8,0.5,0.3,4.8,0.1,0.3,18,720,0.4,18,0.2,0.3,15,0.2,326,4.5,144,166,214
24,2700,1.0103469607462428,4.200180961033015,0.04890529341805612,0.4462145606681686,174,4,0.2,15,1,0.3,1.8,0.5,0.3,4.8,0.1,0.3,18,720,0.4,18,0.2,0.3,15,0.2,326,4.5,136,176,168
26,2400,1.5239222738488307,4.537525954277728,0.3024176412492053,0.2366652014980707,174,4,0.2,15,1,0.3,1.8,0.5,0.3,4.8,0.1,0.3,18,720,0.4,18,0.2,0.3,15,0.2,326,4.5,378,180,148
25,2700,1.1284332403902104,4.75090037236317,0.1712075339390661,0.9629247593964804,174,4,0.2,15,1,0.3,1.8,0.5,0.3,4.8,0.1,0.3,18,720,0.4,18,0.2,0.3,15,0.2,326,4.5,28,98,294
24,3000,1.3837150219413856,4.760346604192332,0.26838865585535193,0.561283231997185,174,4,0.2,15,1,0.3,1.8,0.5,0.3,4.8,0.1,0.3,18,720,0.4,18,0.2,0.3,15,0.2,326,4.5,140,192,250
27,2400,1.261180120960655,4.002575080833905,0.10277408156199902,0.2555009567224853,174,4,0.2,15,1,0.3,1.8,0.5,0.3,4.8,0.1,0.3,18,720,0.4,18,0.2,0.3,15,0.2,326,4.5,272,186,268
26,2700,1.5600835854232116,4.559411901203929,0.07323967603260695,0.2366652014980707,174,4,0.2,15,1,0.3,1.8,0.5,0.3,4.8,0.1,0.3,18,720,0.4,18,0.2,0.3,15,0.2,326,4.5,378,180,148
24,3300,1.3927650703072387,5.128519971969231,0.08560851757259608,0.171120694912829,174,4,0.2,15,1,0.3,1.8,0.5,0.3,4.8,0.1,0.3,18,720,0.4,18,0.2,0.3,15,0.2,326,4.5,140,192,250
27,2700,1.7289017313064965,4.889196662664232,0.20767832819765533,0.07104203811864632,174,4,0.2,15,1,0.3,1.8,0.5,0.3,4.8,0.1,0.3,18,720,0.4,18,0.2,0.3,15,0.2,326,4.5,272,186,268
25,3000,1.3440542826708661,4.151341173981416,0.13592765166777201,0.09093117627707431,174,4,0.2,15,1,0.3,1.8,0.5,0.3,4.8,0.1,0.3,18,720,0.4,18,0.2,0.3,15,0.2,326,4.5,30,110,336
24,3600,1.3368191848032742,4.577766703583386,0.20125601781167884,0.46230954243877215,174,4,0.2,15,1,0.3,1.8,0.5,0.3,4.8,0.1,0.3,18,720,0.4,18,0.2,0.3,15,0.2,326,4.5,142,196,266
27,3000,1.281611031555166,4.726928349749326,0.14288985162940587,0.03395632961777841,174,4,0.2,15,1,0.3,1.8,0.5,0.3,4.8,0.1,0.3,18,720,0.4,18,0.2,0.3,15,0.2,326,4.5,274,202,302
26,3000,1.201591345380355,4.882804623082594,0.044743367648975664,0.40678954946805856,174,4,0.2,15,1,0.3,1.8,0.5,0.3,4.8,0.1,0.3,18,720,0.4,18,0.2,0.3,15,0.2,326,4.5,382,198,206
27,3300,1.5930774480403727,4.544175821806049,0.2354157109711689,0.08553925705683015,174,4,0.2,15,1,0.3,1.8,0.5,0.3,4.8,0.1,0.3,18,720,0.4,18,0.2,0.3,15,0.2,326,4.5,274,202,302
25,3300,1.315230552272073,5.051757254672187,0.05795023921968007,0.8566450738676893,174,4,0.2,15,1,0.3,1.8,0.5,0.3,4.8,0.1,0.3,18,720,0.4,18,0.2,0.3,15,0.2,326,4.5,30,110,336
25,3600,1.3453345405894435,4.383248748205974,0.15208385970839766,0.639546800129511,174,4,0.2,15,1,0.3,1.8,0.5,0.3,4.8,0.1,0.3,18,720,0.4,18,0.2,0.3,15,0.2,326,4.5,30,132,352
26,3300,1.6870435933159587,4.678030464596625,0.16405278600226977,0.16501054851937366,174,4,0.2,15,1,0.3,1.8,0.5,0.3,4.8,0.1,0.3,18,720,0.4,18,0.2,0.3,15,0.2,326,4.5,382,198,206
27,3600,1.3192537020740878,4.389067850368741,0.17975992163308854,0.5556990663283342,174,4,0.2,15,1,0.3,1.8,0.5,0.3,4.8,0.1,0.3,18,720,0.4,18,0.2,0.3,15,0.2,326,4.5,274,208,320
28,300,1.2217739823556009,4.182630774599677,0.04912310346173455,0.2584184706877653,174,4,0.2,15,1,0.3,1.8,0.5,0.3,4.8,0.1,0.3,18,720,0.4,18,0.2,0.3,15,0.2,326,4.5,0,0,0
26,3600,1.410616607609185,4.549379480793352,0.18739000676115983,0.4620212520733177,174,4,0.2,15,1,0.3,1.8,0.5,0.3,4.8,0.1,0.3,18,720,0.4,18,0.2,0.3,15,0.2,326,4.5,382,198,226
28,600,1.4965221254761563,4.339514171960334,0.31026351396176927,0.30174545834799416,174,4,0.2,15,1,0.3,1.8,0.5,0.3,4.8,0.1,0.3,18,720,0.4,18,0.2,0.3,15,0.2,326,4.5,0,0,0
28,900,1.324104015675046,3.854454334673836,0.26166744542633813,0.5905167120376822,174,4,0.2,15,1,0.3,1.8,0.5,0.3,4.8,0.1,0.3,18,720,0.4,18,0.2,0.3,15,0.2,326,4.5,8,12,40
28,1200,1.5403062268087688,4.6233931512329205,0.24964070921319542,0.4063013474569904,174,4,0.2,15,1,0.3,1.8,0.5,0.3,4.8,0.1,0.3,18,720,0.4,18,0.2,0.3,15,0.2,326,4.5,8,12,40
28,1500,1.3048667122245692,3.927020459781966,0.20028695467472424,0.5483515723688979,174,4,0.2,15,1,0.3,1.8,0.5,0.3,4.8,0.1,0.3,18,720,0.4,18,0.2,0.3,15,0.2,326,4.5,14,34,88
28,1800,1.5722235748931084,5.186093545897135,0.18691051915931553,0.29075684557989123,174,4,0.2,15,1,0.3,1.8,0.5,0.3,4.8,0.1,0.3,18,720,0.4,18,0.2,0.3,15,0.2,326,4.5,14,34,90
28,2100,1.4251599689802206,4.291132245056158,0.013336921678834483,0.29075684557989123,174,4,0.2,15,1,0.3,1.8,0.5,0.3,4.8,0.1,0.3,18,720,0.4,18,0.2,0.3,15,0.2,326,4.5,14,34,90
28,2400,1.3729207685514024,4.828123454318627,0.3635062511366123,0.30295345538099244,174,4,0.2,15,1,0.3,1.8,0.5,0.3,4.8,0.1,0.3,18,720,0.4,18,0.2,0.3,15,0.2,326,4.5,146,58,160
28,2700,1.6973094865819085,4.307364505530095,0.023059560966730043,0.5226268851600712,174,4,0.2,15,1,0.3,1.8,0.5,0.3,4.8,0.1,0.3,18,720,0.4,18,0.2,0.3,15,0.2,326,4.5,146,58,264
28,3000,1.1951078520175962,4.2340796612204885,0.031789668054888386,0.6935939267536285,174,4,0.2,15,1,0.3,1.8,0.5,0.3,4.8,0.1,0.3,18,720,0.4,18,0.2,0.3,15,0.2,326,4.5,158,176,340
28,3300,1.5971872304947627,6.2400307700443,0.06224499934887313,0.06990207683572762,174,4,0.2,15,1,0.3,1.8,0.5,0.3,4.8,0.1,0.3,18,720,0.4,18,0.2,0.3,15,0.2,326,4.5,158,176,340
28,3600,1.406334697747928,4.5063996703448455,0.23647037882380528,0.3832275530618125,174,4,0.2,15,1,0.3,1.8,0.5,0.3,4.8,0.1,0.3,18,720,0.4,18,0.2,0.3,15,0.2,326,4.5,162,192,350
29,300,1.1049000546763204,4.756490998766947,0.10938388632313013,0.03264245236513783,174,4,0.2,15,1,0.3,1.8,0.5,0.3,4.8,0.1,0.3,18,720,0.4,18,0.2,0.3,15,0.2,326,4.5,0,0,0
29,600,1.2249695185459673,4.034031449366565,0.041261740659797666,0.4083234596448648,174,4,0.2,15,1,0.3,1.8,0.5,0.3,4.8,0.1,0.3,18,720,0.4,18,0.2,0.3,15,0.2,326,4.5,0,0,2
29,900,1.4048571457996564,4.819262808248525,0.32752314807453337,0.9523842813280354,174,4,0.2,15,1,0.3,1.8,0.5,0.3,4.8,0.1,0.3,18,720,0.4,18,0.2,0.3,15,0.2,326,4.5,10,12,64
29,1200,1.5732243759918487,4.415648574406627,0.03778445057490248,0.14956202434947372,174,4,0.2,15,1,0.3,1.8,0.5,0.3,4.8,0.1,0.3,18,720,0.4,18,0.2,0.3,15,0.2,326,4.5,10,14,64
29,1500,1.4876395850590154,4.544772822983401,0.11577114306650231,0.42941474373493455,174,4,0.2,15,1,0.3,1.8,0.5,0.3,4.8,0.1,0.3,18,720,0.4,18,0.2,0.3,15,0.2,326,4.5,130,32,210
29,1800,1.173820318217853,4.5369057296112,0.07488952772213514,0.7754855553913388,174,4,0.2,15,1,0.3,1.8,0.5,0.3,4.8,0.1,0.3,18,720,0.4,18,0.2,0.3,15,0.2,326,4.5,138,32,212
29,2100,1.4682962137492028,4.598581835287977,0.004440307290039899,0.36748791645560713,174,4,0.2,15,1,0.3,1.8,0.5,0.3,4.8,0.1,0.3,18,720,0.4,18,0.2,0.3,15,0.2,326,4.5,138,32,212
29,2400,1.4744754649363687,4.506510812343671,0.015615477172673944,0.015102682146960516,174,4,0.2,15,1,0.3,1.8,0.5,0.3,4.8,0.1,0.3,18,720,0.4,18,0.2,0.3,15,0.2,326,4.5,150,46,250
29,2700,1.299575732142364,4.871983177794755,0.009630860981526254,0.015102682146960516,174,4,0.2,15,1,0.3,1.8,0.5,0.3,4.8,0.1,0.3,18,720,0.4,18,0.2,0.3,15,0.2,326,4.5,150,46,250
29,3000,1.2909701038398493,4.152467561837165,0.029714304269741844,0.631291275244645,174,4,0.2,15,1,0.3,1.8,0.5,0.3,4.8,0.1,0.3,18,720,0.4,18,0.2,0.3,15,0.2,326,4.5,164,76,404
29,3300,1.3891196010379425,3.8413333339869427,0.29911645055456365,0.26646979347528355,174,4,0.2,15,1,0.3,1.8,0.5,0.3,4.8,0.1,0.3,18,720,0.4,18,0.2,0.3,15,0.2,326,4.5,164,76,404
29,3600,1.3123614017399274,4.59028370511302,0.21644389667434163,0.4273871157825666,174,4,0.2,15,1,0.3,1.8,0.5,0.3,4.8,0.1,0.3,18,720,0.4,18,0.2,0.3,15,0.2,326,4.5,168,80,412
30,300,1.3905905550808628,4.4332563147671324,0.045856473687052535,0,174,4,0.2,15,1,0.3,1.8,0.5,0.3,4.8,0.1,0.3,18,720,0.4,18,0.2,0.3,15,0.2,326,4.5,0,0,0
30,600,1.3275110864953754,4.819577886171699,0.1343241585672783,0.4320993047691082,174,4,0.2,15,1,0.3,1.8,0.5,0.3,4.8,0.1,0.3,18,720,0.4,18,0.2,0.3,15,0.2,326,4.5,0,2,0
30,900,1.6043042593333228,3.566325176737303,0.10417459300832389,0.20262284522508087,174,4,0.2,15,1,0.3,1.8,0.5,0.3,4.8,0.1,0.3,18,720,0.4,18,0.2,0.3,15,0.2,326,4.5,132,32,34
30,1200,1.3383950935654105,5.154550460615908,0.08765552439615915,0.08105152128622474,174,4,0.2,15,1,0.3,1.8,0.5,0.3,4.8,0.1,0.3,18,720,0.4,18,0.2,0.3,15,0.2,326,4.5,132,34,34
30,1500,1.4062225557186585,5.037699906236107,0.0992481804428811,0.801646626838907,174,4,0.2,15,1,0.3,1.8,0.5,0.3,4.8,0.1,0.3,18,720,0.4,18,0.2,0.3,15,0.2,326,4.5,144,44,54
30,1800,0.9662333136724514,4.446802779969595,0.21777208774112117,0.4869078047756968,174,4,0.2,15,1,0.3,1.8,0.5,0.3,4.8,0.1,0.3,18,720,0.4,18,0.2,0.3,15,0.2,326,4.5,144,44,54
30,2100,1.0375230657456376,5.236765922103862,0.08644909159405709,0.4869078047756968,174,4,0.2,15,1,0.3,1.8,0.5,0.3,4.8,0.1,0.3,18,720,0.4,18,0.2,0.3,15,0.2,326,4.5,144,44,54
30,2400,1.4547699033524855,3.8467473282545983,0.0032185833116088677,0.6381278086234393,174,4,0.2,15,1,0.3,1.8,0.5,0.3,4.8,0.1,0.3,18,720,0.4,18,0.2,0.3,15,0.2,326,4.5,276,64,96
30,2700,1.6351370071282518,4.84121625788813,0.06587762061474893,0.6524817039762247,174,4,0.2,15,1,0.3,1.8,0.5,0.3,4.8,0.1,0.3,18,720,0.4,18,0.2,0.3,15,0.2,326,4.5,276,64,96
30,3000,1.35467360983491,4.455752270178047,0.2410181945107556,0.29405148051760704,174,4,0.2,15,1,0.3,1.8,0.5,0.3,4.8,0.1,0.3,18,720,0.4,18,0.2,0.3,15,0.2,326,4.5,292,82,262
30,3300,1.394760058666553,4.425699568522544,0.23808620048377208,0.3946604653070942,174,4,0.2,15,1,0.3,1.8,0.5,0.3,4.8,0.1,0.3,18,720,0.4,18,0.2,0.3,15,0.2,326,4.5,292,82,262
30,3600,1.4149669608101105,4.5398858067575745,0.19252213027935233,0.4940228633608797,174,4,0.2,15,1,0.3,1.8,0.5,0.3,4.8,0.1,0.3,18,720,0.4,18,0.2,0.3,15,0.2,326,4.5,294,88,274
0,300,1.384053103246481,4.56567094343041,0.20950228252008052,0.4062036410642956,556,1,0.2,50,0.3,0.3,1.3,0.08,0.2,2,0.3,0.3,75,240,0.3,75,0.5,0.5,50,0.2,294,3.8,1168,576,2572
0,600,1.39537899113263,4.618329600835778,0.039861194890676195,0.6841696013346751,556,1,0.2,50,0.3,0.3,1.3,0.08,0.2,2,0.3,0.3,75,240,0.3,75,0.5,0.5,50,0.2,294,3.8,1714,1856,5000
0,900,1.7451318539646201,4.876202224788328,0.22161007195879734,0.6429925427284451,556,1,0.2,50,0.3,0.3,1.3,0.08,0.2,2,0.3,0.3,75,240,0.3,75,0.5,0.5,50,0.2,294,3.8,3320,2816,6828
0,1200,1.432330462292675,4.465066779681811,0.21257171655662363,0.4792494615578733,556,1,0.2,50,0.3,0.3,1.3,0.08,0.2,2,0.3,0.3,75,240,0.3,75,0.5,0.5,50,0.2,294,3.8,5054,4160,9226
0,1500,1.3248416836992778,4.578546338129147,0.2823767465817941,0.5510920505211756,556,1,0.2,50,0.3,0.3,1.3,0.08,0.2,2,0.3,0.3,75,240,0.3,75,0.5,0.5,50,0.2,294,3.8,7850,6140,14306
0,1800,1.328453072465767,4.617480136004463,0.3519938692940868,0.2716143355978247,556,1,0.2,50,0.3,0.3,1.3,0.08,0.2,2,0.3,0.3,75,240,0.3,75,0.5,0.5,50,0.2,294,3.8,9876,7554,16720
0,2100,1.277149256514475,4.4948335689836165,0.4143281670407595,0.5501579160305091,556,1,0.2,50,0.3,0.3,1.3,0.08,0.2,2,0.3,0.3,75,240,0.3,75,0.5,0.5,50,0.2,294,3.8,11438,8782,19250
0,2400,1.379753854298646,4.489898555786547,0.20863275699743958,0.47431102091948657,556,1,0.2,50,0.3,0.3,1.3,0.08,0.2,2,0.3,0.3,75,240,0.3,75,0.5,0.5,50,0.2,294,3.8,12900,9482,21776
0,2700,1.3746712069069822,4.532355843839251,0.24310335611424952,0.4176317312105237,556,1,0.2,50,0.3,0.3,1.3,0.08,0.2,2,0.3,0.3,75,240,0.3,75,0.5,0.5,50,0.2,294,3.8,17530,10738,26892
0,3000,1.3663694369549038,4.657807759835982,0.13173969050880208,0.5408241743284881,556,1,0.2,50,0.3,0.3,1.3,0.08,0.2,2,0.3,0.3,75,240,0.3,75,0.5,0.5,50,0.2,294,3.8,18622,12078,29316
0,3300,1.1643968851716389,4.79051710331425,0.4223317975002602,0.4737999884608338,556,1,0.2,50,0.3,0.3,1.3,0.08,0.2,2,0.3,0.3,75,240,0.3,75,0.5,0.5,50,0.2,294,3.8,19792,13148,31342
0,3600,1.4234225728740122,4.516618127681044,0.1971421655849118,0.4992515951507896,556,1,0.2,50,0.3,0.3,1.3,0.08,0.2,2,0.3,0.3,75,240,0.3,75,0.5,0.5,50,0.2,294,3.8,21364,13962,34608
0,300,1.4263523683940063,4.516844216232386,0.23422736257389912,0.5573468040614891,556,1,0.2,50,0.3,0.3,1.3,0.08,0.2,2,0.3,0.3,75,240,0.3,75,0.5,0.5,50,0.2,294,3.8,828,1150,3052
0,600,1.323084440590382,4.658279760228961,0.08856822981619974,0.5020768232611534,556,1,0.2,50,0.3,0.3,1.3,0.08,0.2,2,0.3,0.3,75,240,0.3,75,0.5,0.5,50,0.2,294,3.8,2218,2136,5976
0,900,1.744872729974585,3.7586986794406343,0.06646453338121525,0.6935945045695961,556,1,0.2,50,0.3,0.3,1.3,0.08,0.2,2,0.3,0.3,75,240,0.3,75,0.5,0.5,50,0.2,294,3.8,3552,2670,7806
0,1200,1.3880824289654694,4.577971072149104,0.21899688345740784,0.49872090962574833,556,1,0.2,50,0.3,0.3,1.3,0.08,0.2,2,0.3,0.3,75,240,0.3,75,0.5,0.5,50,0.2,294,3.8,4562,3926,10700
0,1500,1.4590111329548061,4.608772972284209,0.172881583138062,0.4494832309305488,556,1,0.2,50,0.3,0.3,1.3,0.08,0.2,2,0.3,0.3,75,240,0.3,75,0.5,0.5,50,0.2,294,3.8,7004,6136,15762
0,1800,1.4587679960929973,4.652710868899664,0.05962236264701374,0.41560503391565556,556,1,0.2,50,0.3,0.3,1.3,0.08,0.2,2,0.3,0.3,75,240,0.3,75,0.5,0.5,50,0.2,294,3.8,8048,7432,18476
0,2100,1.3396208543207118,4.648750438366608,0.06565321340473793,0.4010158375819736,556,1,0.2,50,0.3,0.3,1.3,0.08,0.2,2,0.3,0.3,75,240,0.3,75,0.5,0.5,50,0.2,294,3.8,8858,8328,20118
0,2400,1.4223823889678737,4.499635263181489,0.2082728920477368,0.47536925589633944,556,1,0.2,50,0.3,0.3,1.3,0.08,0.2,2,0.3,0.3,75,240,0.3,75,0.5,0.5,50,0.2,294,3.8,10694,9570,24480
0,2700,1.3924935717685962,4.593144395238003,0.19542361589237797,0.5881868704631816,556,1,0.2,50,0.3,0.3,1.3,0.08,0.2,2,0.3,0.3,75,240,0.3,75,0.5,0.5,50,0.2,294,3.8,14548,12114,29578
0,3000,1.5596961840509185,4.609069958452887,0.03960735041027432,0.45707519648639755,556,1,0.2,50,0.3,0.3,1.3,0.08,0.2,2,0.3,0.3,75,240,0.3,75,0.5,0.5,50,0.2,294,3.8,15548,13476,32850
0,3300,1.449565733224579,4.7773258496838364,0.02772090982539953,0.4790419247840018,556,1,0.2,50,0.3,0.3,1.3,0.08,0.2,2,0.3,0.3,75,240,0.3,75,0.5,0.5,50,0.2,294,3.8,16732,13940,34604
0,3600,1.4022420968338611,4.556331723182709,0.2082515568474659,0.4526491197667794,556,1,0.2,50,0.3,0.3,1.3,0.08,0.2,2,0.3,0.3,75,240,0.3,75,0.5,0.5,50,0.2,294,3.8,18050,14436,36716
